<annotation>
	<folder>cycle</folder>
	<filename>cycle.127.jpg</filename>
	<path>F:\dataset\cycle\cycle.127.jpg</path>
	<source>
		<database>Unknown</database>
	</source>
	<size>
		<width>500</width>
		<height>375</height>
		<depth>3</depth>
	</size>
	<segmented>0</segmented>
	<object>
		<name>cycle</name>
		<pose>Unspecified</pose>
		<truncated>0</truncated>
		<difficult>0</difficult>
		<bndbox>
			<xmin>219</xmin>
			<ymin>215</ymin>
			<xmax>296</xmax>
			<ymax>349</ymax>
		</bndbox>
	</object>
	<object>
		<name>cycle</name>
		<pose>Unspecified</pose>
		<truncated>0</truncated>
		<difficult>0</difficult>
		<bndbox>
			<xmin>300</xmin>
			<ymin>213</ymin>
			<xmax>387</xmax>
			<ymax>348</ymax>
		</bndbox>
	</object>
</annotation>
