<annotation>
	<folder>cycle</folder>
	<filename>cycle.146.jpg</filename>
	<path>F:\dataset\cycle\cycle.146.jpg</path>
	<source>
		<database>Unknown</database>
	</source>
	<size>
		<width>375</width>
		<height>500</height>
		<depth>3</depth>
	</size>
	<segmented>0</segmented>
	<object>
		<name>cycle</name>
		<pose>Unspecified</pose>
		<truncated>0</truncated>
		<difficult>0</difficult>
		<bndbox>
			<xmin>273</xmin>
			<ymin>321</ymin>
			<xmax>309</xmax>
			<ymax>364</ymax>
		</bndbox>
	</object>
	<object>
		<name>cycle</name>
		<pose>Unspecified</pose>
		<truncated>0</truncated>
		<difficult>0</difficult>
		<bndbox>
			<xmin>140</xmin>
			<ymin>265</ymin>
			<xmax>205</xmax>
			<ymax>313</ymax>
		</bndbox>
	</object>
</annotation>
