<annotation>
	<folder>cycle</folder>
	<filename>cycle.277.jpg</filename>
	<path>F:\dataset\cycle\cycle.277.jpg</path>
	<source>
		<database>Unknown</database>
	</source>
	<size>
		<width>500</width>
		<height>375</height>
		<depth>3</depth>
	</size>
	<segmented>0</segmented>
	<object>
		<name>cycle</name>
		<pose>Unspecified</pose>
		<truncated>0</truncated>
		<difficult>0</difficult>
		<bndbox>
			<xmin>249</xmin>
			<ymin>168</ymin>
			<xmax>272</xmax>
			<ymax>187</ymax>
		</bndbox>
	</object>
	<object>
		<name>cycle</name>
		<pose>Unspecified</pose>
		<truncated>0</truncated>
		<difficult>0</difficult>
		<bndbox>
			<xmin>135</xmin>
			<ymin>235</ymin>
			<xmax>178</xmax>
			<ymax>303</ymax>
		</bndbox>
	</object>
</annotation>
