<annotation>
	<folder>cycle</folder>
	<filename>cycle.138.jpg</filename>
	<path>F:\dataset\cycle\cycle.138.jpg</path>
	<source>
		<database>Unknown</database>
	</source>
	<size>
		<width>500</width>
		<height>375</height>
		<depth>3</depth>
	</size>
	<segmented>0</segmented>
	<object>
		<name>cycle</name>
		<pose>Unspecified</pose>
		<truncated>0</truncated>
		<difficult>0</difficult>
		<bndbox>
			<xmin>142</xmin>
			<ymin>171</ymin>
			<xmax>207</xmax>
			<ymax>278</ymax>
		</bndbox>
	</object>
</annotation>
