<annotation>
	<folder>cycle</folder>
	<filename>cycle.279.jpg</filename>
	<path>F:\dataset\cycle\cycle.279.jpg</path>
	<source>
		<database>Unknown</database>
	</source>
	<size>
		<width>700</width>
		<height>467</height>
		<depth>3</depth>
	</size>
	<segmented>0</segmented>
	<object>
		<name>cycle</name>
		<pose>Unspecified</pose>
		<truncated>0</truncated>
		<difficult>0</difficult>
		<bndbox>
			<xmin>92</xmin>
			<ymin>236</ymin>
			<xmax>487</xmax>
			<ymax>463</ymax>
		</bndbox>
	</object>
</annotation>
