<annotation>
	<folder>cycle</folder>
	<filename>cycle.299.jpg</filename>
	<path>F:\dataset\cycle\cycle.299.jpg</path>
	<source>
		<database>Unknown</database>
	</source>
	<size>
		<width>500</width>
		<height>375</height>
		<depth>3</depth>
	</size>
	<segmented>0</segmented>
	<object>
		<name>cycle</name>
		<pose>Unspecified</pose>
		<truncated>1</truncated>
		<difficult>0</difficult>
		<bndbox>
			<xmin>372</xmin>
			<ymin>201</ymin>
			<xmax>500</xmax>
			<ymax>357</ymax>
		</bndbox>
	</object>
	<object>
		<name>cycle</name>
		<pose>Unspecified</pose>
		<truncated>0</truncated>
		<difficult>0</difficult>
		<bndbox>
			<xmin>83</xmin>
			<ymin>215</ymin>
			<xmax>147</xmax>
			<ymax>314</ymax>
		</bndbox>
	</object>
</annotation>
