<annotation>
	<folder>cycle</folder>
	<filename>cycle.271.jpg</filename>
	<path>F:\dataset\cycle\cycle.271.jpg</path>
	<source>
		<database>Unknown</database>
	</source>
	<size>
		<width>499</width>
		<height>333</height>
		<depth>3</depth>
	</size>
	<segmented>0</segmented>
	<object>
		<name>cycle</name>
		<pose>Unspecified</pose>
		<truncated>0</truncated>
		<difficult>0</difficult>
		<bndbox>
			<xmin>132</xmin>
			<ymin>158</ymin>
			<xmax>177</xmax>
			<ymax>300</ymax>
		</bndbox>
	</object>
	<object>
		<name>cycle</name>
		<pose>Unspecified</pose>
		<truncated>0</truncated>
		<difficult>0</difficult>
		<bndbox>
			<xmin>42</xmin>
			<ymin>145</ymin>
			<xmax>83</xmax>
			<ymax>265</ymax>
		</bndbox>
	</object>
</annotation>
