<annotation>
	<folder>cycle</folder>
	<filename>cycle.186.jpg</filename>
	<path>F:\dataset\cycle\cycle.186.jpg</path>
	<source>
		<database>Unknown</database>
	</source>
	<size>
		<width>300</width>
		<height>285</height>
		<depth>3</depth>
	</size>
	<segmented>0</segmented>
	<object>
		<name>cycle</name>
		<pose>Unspecified</pose>
		<truncated>0</truncated>
		<difficult>0</difficult>
		<bndbox>
			<xmin>2</xmin>
			<ymin>105</ymin>
			<xmax>292</xmax>
			<ymax>284</ymax>
		</bndbox>
	</object>
</annotation>
