<annotation>
	<folder>cycle</folder>
	<filename>cycle.275.jpg</filename>
	<path>F:\dataset\cycle\cycle.275.jpg</path>
	<source>
		<database>Unknown</database>
	</source>
	<size>
		<width>500</width>
		<height>375</height>
		<depth>3</depth>
	</size>
	<segmented>0</segmented>
	<object>
		<name>cycle</name>
		<pose>Unspecified</pose>
		<truncated>0</truncated>
		<difficult>0</difficult>
		<bndbox>
			<xmin>96</xmin>
			<ymin>194</ymin>
			<xmax>171</xmax>
			<ymax>269</ymax>
		</bndbox>
	</object>
	<object>
		<name>cycle</name>
		<pose>Unspecified</pose>
		<truncated>0</truncated>
		<difficult>0</difficult>
		<bndbox>
			<xmin>352</xmin>
			<ymin>190</ymin>
			<xmax>376</xmax>
			<ymax>229</ymax>
		</bndbox>
	</object>
</annotation>
