<annotation>
	<folder>cycle</folder>
	<filename>cycle.168.jpg</filename>
	<path>F:\dataset\cycle\cycle.168.jpg</path>
	<source>
		<database>Unknown</database>
	</source>
	<size>
		<width>320</width>
		<height>240</height>
		<depth>3</depth>
	</size>
	<segmented>0</segmented>
	<object>
		<name>cycle</name>
		<pose>Unspecified</pose>
		<truncated>0</truncated>
		<difficult>0</difficult>
		<bndbox>
			<xmin>43</xmin>
			<ymin>121</ymin>
			<xmax>125</xmax>
			<ymax>239</ymax>
		</bndbox>
	</object>
</annotation>
