<annotation>
	<folder>cycle</folder>
	<filename>cycle.221.jpg</filename>
	<path>F:\dataset\cycle\cycle.221.jpg</path>
	<source>
		<database>Unknown</database>
	</source>
	<size>
		<width>499</width>
		<height>333</height>
		<depth>3</depth>
	</size>
	<segmented>0</segmented>
	<object>
		<name>cycle</name>
		<pose>Unspecified</pose>
		<truncated>0</truncated>
		<difficult>0</difficult>
		<bndbox>
			<xmin>180</xmin>
			<ymin>74</ymin>
			<xmax>479</xmax>
			<ymax>325</ymax>
		</bndbox>
	</object>
</annotation>
