<annotation>
	<folder>cycle</folder>
	<filename>cycle.263.jpg</filename>
	<path>F:\dataset\cycle\cycle.263.jpg</path>
	<source>
		<database>Unknown</database>
	</source>
	<size>
		<width>499</width>
		<height>333</height>
		<depth>3</depth>
	</size>
	<segmented>0</segmented>
	<object>
		<name>cycle</name>
		<pose>Unspecified</pose>
		<truncated>0</truncated>
		<difficult>0</difficult>
		<bndbox>
			<xmin>145</xmin>
			<ymin>131</ymin>
			<xmax>468</xmax>
			<ymax>331</ymax>
		</bndbox>
	</object>
</annotation>
