<annotation>
	<folder>cycle</folder>
	<filename>cycle.283.jpg</filename>
	<path>F:\dataset\cycle\cycle.283.jpg</path>
	<source>
		<database>Unknown</database>
	</source>
	<size>
		<width>499</width>
		<height>333</height>
		<depth>3</depth>
	</size>
	<segmented>0</segmented>
	<object>
		<name>cycle</name>
		<pose>Unspecified</pose>
		<truncated>0</truncated>
		<difficult>0</difficult>
		<bndbox>
			<xmin>343</xmin>
			<ymin>126</ymin>
			<xmax>400</xmax>
			<ymax>212</ymax>
		</bndbox>
	</object>
</annotation>
