<annotation>
	<folder>cycle</folder>
	<filename>cycle.252.jpg</filename>
	<path>F:\dataset\cycle\cycle.252.jpg</path>
	<source>
		<database>Unknown</database>
	</source>
	<size>
		<width>500</width>
		<height>375</height>
		<depth>3</depth>
	</size>
	<segmented>0</segmented>
	<object>
		<name>cycle</name>
		<pose>Unspecified</pose>
		<truncated>1</truncated>
		<difficult>0</difficult>
		<bndbox>
			<xmin>5</xmin>
			<ymin>13</ymin>
			<xmax>500</xmax>
			<ymax>348</ymax>
		</bndbox>
	</object>
</annotation>
