<annotation>
	<folder>cycle</folder>
	<filename>cycle.240.jpg</filename>
	<path>F:\dataset\cycle\cycle.240.jpg</path>
	<source>
		<database>Unknown</database>
	</source>
	<size>
		<width>500</width>
		<height>333</height>
		<depth>3</depth>
	</size>
	<segmented>0</segmented>
	<object>
		<name>cycle</name>
		<pose>Unspecified</pose>
		<truncated>0</truncated>
		<difficult>0</difficult>
		<bndbox>
			<xmin>169</xmin>
			<ymin>143</ymin>
			<xmax>302</xmax>
			<ymax>329</ymax>
		</bndbox>
	</object>
	<object>
		<name>cycle</name>
		<pose>Unspecified</pose>
		<truncated>0</truncated>
		<difficult>0</difficult>
		<bndbox>
			<xmin>77</xmin>
			<ymin>135</ymin>
			<xmax>161</xmax>
			<ymax>294</ymax>
		</bndbox>
	</object>
</annotation>
