<annotation>
	<folder>cycle</folder>
	<filename>cycle.256.jpg</filename>
	<path>F:\dataset\cycle\cycle.256.jpg</path>
	<source>
		<database>Unknown</database>
	</source>
	<size>
		<width>375</width>
		<height>500</height>
		<depth>3</depth>
	</size>
	<segmented>0</segmented>
	<object>
		<name>cycle</name>
		<pose>Unspecified</pose>
		<truncated>0</truncated>
		<difficult>0</difficult>
		<bndbox>
			<xmin>193</xmin>
			<ymin>237</ymin>
			<xmax>306</xmax>
			<ymax>432</ymax>
		</bndbox>
	</object>
	<object>
		<name>cycle</name>
		<pose>Unspecified</pose>
		<truncated>0</truncated>
		<difficult>0</difficult>
		<bndbox>
			<xmin>101</xmin>
			<ymin>207</ymin>
			<xmax>185</xmax>
			<ymax>313</ymax>
		</bndbox>
	</object>
</annotation>
