<annotation>
	<folder>cycle</folder>
	<filename>cycle.282.jpg</filename>
	<path>F:\dataset\cycle\cycle.282.jpg</path>
	<source>
		<database>Unknown</database>
	</source>
	<size>
		<width>600</width>
		<height>384</height>
		<depth>3</depth>
	</size>
	<segmented>0</segmented>
	<object>
		<name>cycle</name>
		<pose>Unspecified</pose>
		<truncated>0</truncated>
		<difficult>0</difficult>
		<bndbox>
			<xmin>336</xmin>
			<ymin>202</ymin>
			<xmax>471</xmax>
			<ymax>382</ymax>
		</bndbox>
	</object>
</annotation>
