<annotation>
	<folder>cycle</folder>
	<filename>cycle.187.jpg</filename>
	<path>F:\dataset\cycle\cycle.187.jpg</path>
	<source>
		<database>Unknown</database>
	</source>
	<size>
		<width>375</width>
		<height>500</height>
		<depth>3</depth>
	</size>
	<segmented>0</segmented>
	<object>
		<name>cycle</name>
		<pose>Unspecified</pose>
		<truncated>0</truncated>
		<difficult>0</difficult>
		<bndbox>
			<xmin>31</xmin>
			<ymin>249</ymin>
			<xmax>249</xmax>
			<ymax>422</ymax>
		</bndbox>
	</object>
</annotation>
