<annotation>
	<folder>cycle</folder>
	<filename>cycle.319.jpg</filename>
	<path>F:\dataset\cycle\cycle.319.jpg</path>
	<source>
		<database>Unknown</database>
	</source>
	<size>
		<width>333</width>
		<height>499</height>
		<depth>3</depth>
	</size>
	<segmented>0</segmented>
	<object>
		<name>cycle</name>
		<pose>Unspecified</pose>
		<truncated>0</truncated>
		<difficult>0</difficult>
		<bndbox>
			<xmin>62</xmin>
			<ymin>45</ymin>
			<xmax>302</xmax>
			<ymax>281</ymax>
		</bndbox>
	</object>
	<object>
		<name>cycle</name>
		<pose>Unspecified</pose>
		<truncated>0</truncated>
		<difficult>0</difficult>
		<bndbox>
			<xmin>16</xmin>
			<ymin>233</ymin>
			<xmax>329</xmax>
			<ymax>432</ymax>
		</bndbox>
	</object>
</annotation>
