<annotation>
	<folder>cycle</folder>
	<filename>cycle.233.jpg</filename>
	<path>F:\dataset\cycle\cycle.233.jpg</path>
	<source>
		<database>Unknown</database>
	</source>
	<size>
		<width>350</width>
		<height>350</height>
		<depth>3</depth>
	</size>
	<segmented>0</segmented>
	<object>
		<name>cycle</name>
		<pose>Unspecified</pose>
		<truncated>0</truncated>
		<difficult>0</difficult>
		<bndbox>
			<xmin>4</xmin>
			<ymin>69</ymin>
			<xmax>348</xmax>
			<ymax>282</ymax>
		</bndbox>
	</object>
</annotation>
