<annotation>
	<folder>cycle</folder>
	<filename>cycle.254.jpg</filename>
	<path>F:\dataset\cycle\cycle.254.jpg</path>
	<source>
		<database>Unknown</database>
	</source>
	<size>
		<width>341</width>
		<height>512</height>
		<depth>3</depth>
	</size>
	<segmented>0</segmented>
	<object>
		<name>cycle</name>
		<pose>Unspecified</pose>
		<truncated>0</truncated>
		<difficult>0</difficult>
		<bndbox>
			<xmin>96</xmin>
			<ymin>214</ymin>
			<xmax>213</xmax>
			<ymax>427</ymax>
		</bndbox>
	</object>
</annotation>
