<annotation>
	<folder>cycle</folder>
	<filename>cycle.303.jpg</filename>
	<path>F:\dataset\cycle\cycle.303.jpg</path>
	<source>
		<database>Unknown</database>
	</source>
	<size>
		<width>500</width>
		<height>375</height>
		<depth>3</depth>
	</size>
	<segmented>0</segmented>
	<object>
		<name>cycle</name>
		<pose>Unspecified</pose>
		<truncated>0</truncated>
		<difficult>0</difficult>
		<bndbox>
			<xmin>158</xmin>
			<ymin>191</ymin>
			<xmax>292</xmax>
			<ymax>275</ymax>
		</bndbox>
	</object>
	<object>
		<name>cycle</name>
		<pose>Unspecified</pose>
		<truncated>0</truncated>
		<difficult>0</difficult>
		<bndbox>
			<xmin>296</xmin>
			<ymin>197</ymin>
			<xmax>380</xmax>
			<ymax>273</ymax>
		</bndbox>
	</object>
</annotation>
