<annotation>
	<folder>cycle</folder>
	<filename>cycle.285.jpg</filename>
	<path>F:\dataset\cycle\cycle.285.jpg</path>
	<source>
		<database>Unknown</database>
	</source>
	<size>
		<width>500</width>
		<height>375</height>
		<depth>3</depth>
	</size>
	<segmented>0</segmented>
	<object>
		<name>cycle</name>
		<pose>Unspecified</pose>
		<truncated>0</truncated>
		<difficult>0</difficult>
		<bndbox>
			<xmin>314</xmin>
			<ymin>228</ymin>
			<xmax>499</xmax>
			<ymax>373</ymax>
		</bndbox>
	</object>
	<object>
		<name>cycle</name>
		<pose>Unspecified</pose>
		<truncated>0</truncated>
		<difficult>0</difficult>
		<bndbox>
			<xmin>163</xmin>
			<ymin>216</ymin>
			<xmax>227</xmax>
			<ymax>314</ymax>
		</bndbox>
	</object>
	<object>
		<name>cycle</name>
		<pose>Unspecified</pose>
		<truncated>0</truncated>
		<difficult>0</difficult>
		<bndbox>
			<xmin>96</xmin>
			<ymin>221</ymin>
			<xmax>165</xmax>
			<ymax>328</ymax>
		</bndbox>
	</object>
</annotation>
