<annotation>
	<folder>cycle</folder>
	<filename>cycle.165.jpg</filename>
	<path>F:\dataset\cycle\cycle.165.jpg</path>
	<source>
		<database>Unknown</database>
	</source>
	<size>
		<width>333</width>
		<height>499</height>
		<depth>3</depth>
	</size>
	<segmented>0</segmented>
	<object>
		<name>cycle</name>
		<pose>Unspecified</pose>
		<truncated>1</truncated>
		<difficult>0</difficult>
		<bndbox>
			<xmin>6</xmin>
			<ymin>251</ymin>
			<xmax>333</xmax>
			<ymax>481</ymax>
		</bndbox>
	</object>
</annotation>
