<annotation>
	<folder>cycle</folder>
	<filename>cycle.170.jpg</filename>
	<path>F:\dataset\cycle\cycle.170.jpg</path>
	<source>
		<database>Unknown</database>
	</source>
	<size>
		<width>500</width>
		<height>332</height>
		<depth>3</depth>
	</size>
	<segmented>0</segmented>
	<object>
		<name>cycle</name>
		<pose>Unspecified</pose>
		<truncated>1</truncated>
		<difficult>0</difficult>
		<bndbox>
			<xmin>7</xmin>
			<ymin>27</ymin>
			<xmax>479</xmax>
			<ymax>332</ymax>
		</bndbox>
	</object>
</annotation>
