<annotation>
	<folder>cycle</folder>
	<filename>cycle.237.jpg</filename>
	<path>F:\dataset\cycle\cycle.237.jpg</path>
	<source>
		<database>Unknown</database>
	</source>
	<size>
		<width>375</width>
		<height>500</height>
		<depth>3</depth>
	</size>
	<segmented>0</segmented>
	<object>
		<name>cycle</name>
		<pose>Unspecified</pose>
		<truncated>0</truncated>
		<difficult>0</difficult>
		<bndbox>
			<xmin>177</xmin>
			<ymin>213</ymin>
			<xmax>364</xmax>
			<ymax>486</ymax>
		</bndbox>
	</object>
	<object>
		<name>cycle</name>
		<pose>Unspecified</pose>
		<truncated>0</truncated>
		<difficult>0</difficult>
		<bndbox>
			<xmin>12</xmin>
			<ymin>213</ymin>
			<xmax>137</xmax>
			<ymax>479</ymax>
		</bndbox>
	</object>
</annotation>
