<annotation>
	<folder>cycle</folder>
	<filename>cycle.169.jpg</filename>
	<path>F:\dataset\cycle\cycle.169.jpg</path>
	<source>
		<database>Unknown</database>
	</source>
	<size>
		<width>552</width>
		<height>220</height>
		<depth>3</depth>
	</size>
	<segmented>0</segmented>
	<object>
		<name>cycle</name>
		<pose>Unspecified</pose>
		<truncated>0</truncated>
		<difficult>0</difficult>
		<bndbox>
			<xmin>259</xmin>
			<ymin>102</ymin>
			<xmax>465</xmax>
			<ymax>202</ymax>
		</bndbox>
	</object>
</annotation>
