<annotation>
	<folder>cycle</folder>
	<filename>cycle.305.jpg</filename>
	<path>F:\dataset\cycle\cycle.305.jpg</path>
	<source>
		<database>Unknown</database>
	</source>
	<size>
		<width>500</width>
		<height>375</height>
		<depth>3</depth>
	</size>
	<segmented>0</segmented>
	<object>
		<name>cycle</name>
		<pose>Unspecified</pose>
		<truncated>0</truncated>
		<difficult>0</difficult>
		<bndbox>
			<xmin>47</xmin>
			<ymin>10</ymin>
			<xmax>401</xmax>
			<ymax>351</ymax>
		</bndbox>
	</object>
</annotation>
