<annotation>
	<folder>cycle</folder>
	<filename>cycle.181.jpg</filename>
	<path>F:\dataset\cycle\cycle.181.jpg</path>
	<source>
		<database>Unknown</database>
	</source>
	<size>
		<width>800</width>
		<height>556</height>
		<depth>3</depth>
	</size>
	<segmented>0</segmented>
	<object>
		<name>cycle</name>
		<pose>Unspecified</pose>
		<truncated>0</truncated>
		<difficult>0</difficult>
		<bndbox>
			<xmin>157</xmin>
			<ymin>283</ymin>
			<xmax>286</xmax>
			<ymax>446</ymax>
		</bndbox>
	</object>
</annotation>
