<annotation>
	<folder>cycle</folder>
	<filename>cycle.215.jpg</filename>
	<path>F:\dataset\cycle\cycle.215.jpg</path>
	<source>
		<database>Unknown</database>
	</source>
	<size>
		<width>512</width>
		<height>342</height>
		<depth>3</depth>
	</size>
	<segmented>0</segmented>
	<object>
		<name>cycle</name>
		<pose>Unspecified</pose>
		<truncated>0</truncated>
		<difficult>0</difficult>
		<bndbox>
			<xmin>10</xmin>
			<ymin>38</ymin>
			<xmax>483</xmax>
			<ymax>328</ymax>
		</bndbox>
	</object>
</annotation>
