<annotation>
	<folder>cycle</folder>
	<filename>cycle.148.jpg</filename>
	<path>F:\dataset\cycle\cycle.148.jpg</path>
	<source>
		<database>Unknown</database>
	</source>
	<size>
		<width>500</width>
		<height>375</height>
		<depth>3</depth>
	</size>
	<segmented>0</segmented>
	<object>
		<name>cycle</name>
		<pose>Unspecified</pose>
		<truncated>1</truncated>
		<difficult>0</difficult>
		<bndbox>
			<xmin>231</xmin>
			<ymin>165</ymin>
			<xmax>379</xmax>
			<ymax>375</ymax>
		</bndbox>
	</object>
</annotation>
