<annotation>
	<folder>cycle</folder>
	<filename>cycle.136.jpg</filename>
	<path>F:\dataset\cycle\cycle.136.jpg</path>
	<source>
		<database>Unknown</database>
	</source>
	<size>
		<width>683</width>
		<height>1024</height>
		<depth>3</depth>
	</size>
	<segmented>0</segmented>
	<object>
		<name>cycle</name>
		<pose>Unspecified</pose>
		<truncated>0</truncated>
		<difficult>0</difficult>
		<bndbox>
			<xmin>9</xmin>
			<ymin>400</ymin>
			<xmax>634</xmax>
			<ymax>776</ymax>
		</bndbox>
	</object>
</annotation>
