<annotation>
	<folder>cycle</folder>
	<filename>cycle.270.jpg</filename>
	<path>F:\dataset\cycle\cycle.270.jpg</path>
	<source>
		<database>Unknown</database>
	</source>
	<size>
		<width>333</width>
		<height>500</height>
		<depth>3</depth>
	</size>
	<segmented>0</segmented>
	<object>
		<name>cycle</name>
		<pose>Unspecified</pose>
		<truncated>0</truncated>
		<difficult>0</difficult>
		<bndbox>
			<xmin>88</xmin>
			<ymin>263</ymin>
			<xmax>217</xmax>
			<ymax>487</ymax>
		</bndbox>
	</object>
	<object>
		<name>cycle</name>
		<pose>Unspecified</pose>
		<truncated>0</truncated>
		<difficult>0</difficult>
		<bndbox>
			<xmin>205</xmin>
			<ymin>133</ymin>
			<xmax>242</xmax>
			<ymax>196</ymax>
		</bndbox>
	</object>
</annotation>
