<annotation>
	<folder>cycle</folder>
	<filename>cycle.272.jpg</filename>
	<path>F:\dataset\cycle\cycle.272.jpg</path>
	<source>
		<database>Unknown</database>
	</source>
	<size>
		<width>500</width>
		<height>375</height>
		<depth>3</depth>
	</size>
	<segmented>0</segmented>
	<object>
		<name>cycle</name>
		<pose>Unspecified</pose>
		<truncated>0</truncated>
		<difficult>0</difficult>
		<bndbox>
			<xmin>235</xmin>
			<ymin>266</ymin>
			<xmax>325</xmax>
			<ymax>353</ymax>
		</bndbox>
	</object>
	<object>
		<name>cycle</name>
		<pose>Unspecified</pose>
		<truncated>0</truncated>
		<difficult>0</difficult>
		<bndbox>
			<xmin>209</xmin>
			<ymin>245</ymin>
			<xmax>235</xmax>
			<ymax>310</ymax>
		</bndbox>
	</object>
</annotation>
