<annotation>
	<folder>cycle</folder>
	<filename>cycle.269.jpg</filename>
	<path>F:\dataset\cycle\cycle.269.jpg</path>
	<source>
		<database>Unknown</database>
	</source>
	<size>
		<width>375</width>
		<height>500</height>
		<depth>3</depth>
	</size>
	<segmented>0</segmented>
	<object>
		<name>cycle</name>
		<pose>Unspecified</pose>
		<truncated>0</truncated>
		<difficult>0</difficult>
		<bndbox>
			<xmin>90</xmin>
			<ymin>324</ymin>
			<xmax>341</xmax>
			<ymax>482</ymax>
		</bndbox>
	</object>
</annotation>
