<annotation>
	<folder>cycle</folder>
	<filename>cycle.225.jpg</filename>
	<path>F:\dataset\cycle\cycle.225.jpg</path>
	<source>
		<database>Unknown</database>
	</source>
	<size>
		<width>400</width>
		<height>400</height>
		<depth>3</depth>
	</size>
	<segmented>0</segmented>
	<object>
		<name>cycle</name>
		<pose>Unspecified</pose>
		<truncated>0</truncated>
		<difficult>0</difficult>
		<bndbox>
			<xmin>21</xmin>
			<ymin>92</ymin>
			<xmax>388</xmax>
			<ymax>341</ymax>
		</bndbox>
	</object>
</annotation>
