<annotation>
	<folder>cycle</folder>
	<filename>cycle.321.jpg</filename>
	<path>F:\dataset\cycle\cycle.321.jpg</path>
	<source>
		<database>Unknown</database>
	</source>
	<size>
		<width>333</width>
		<height>500</height>
		<depth>3</depth>
	</size>
	<segmented>0</segmented>
	<object>
		<name>cycle</name>
		<pose>Unspecified</pose>
		<truncated>0</truncated>
		<difficult>0</difficult>
		<bndbox>
			<xmin>237</xmin>
			<ymin>286</ymin>
			<xmax>325</xmax>
			<ymax>457</ymax>
		</bndbox>
	</object>
	<object>
		<name>cycle</name>
		<pose>Unspecified</pose>
		<truncated>0</truncated>
		<difficult>0</difficult>
		<bndbox>
			<xmin>109</xmin>
			<ymin>267</ymin>
			<xmax>198</xmax>
			<ymax>406</ymax>
		</bndbox>
	</object>
	<object>
		<name>cycle</name>
		<pose>Unspecified</pose>
		<truncated>0</truncated>
		<difficult>0</difficult>
		<bndbox>
			<xmin>195</xmin>
			<ymin>205</ymin>
			<xmax>225</xmax>
			<ymax>275</ymax>
		</bndbox>
	</object>
</annotation>
