<annotation>
	<folder>cycle</folder>
	<filename>cycle.162.jpg</filename>
	<path>F:\dataset\cycle\cycle.162.jpg</path>
	<source>
		<database>Unknown</database>
	</source>
	<size>
		<width>500</width>
		<height>375</height>
		<depth>3</depth>
	</size>
	<segmented>0</segmented>
	<object>
		<name>cycle</name>
		<pose>Unspecified</pose>
		<truncated>0</truncated>
		<difficult>0</difficult>
		<bndbox>
			<xmin>112</xmin>
			<ymin>132</ymin>
			<xmax>265</xmax>
			<ymax>304</ymax>
		</bndbox>
	</object>
</annotation>
