<annotation>
	<folder>cycle</folder>
	<filename>cycle.175.jpg</filename>
	<path>F:\dataset\cycle\cycle.175.jpg</path>
	<source>
		<database>Unknown</database>
	</source>
	<size>
		<width>475</width>
		<height>283</height>
		<depth>3</depth>
	</size>
	<segmented>0</segmented>
	<object>
		<name>cycle</name>
		<pose>Unspecified</pose>
		<truncated>0</truncated>
		<difficult>0</difficult>
		<bndbox>
			<xmin>5</xmin>
			<ymin>5</ymin>
			<xmax>469</xmax>
			<ymax>278</ymax>
		</bndbox>
	</object>
</annotation>
