<annotation>
	<folder>cycle</folder>
	<filename>cycle.245.jpg</filename>
	<path>F:\dataset\cycle\cycle.245.jpg</path>
	<source>
		<database>Unknown</database>
	</source>
	<size>
		<width>337</width>
		<height>499</height>
		<depth>3</depth>
	</size>
	<segmented>0</segmented>
	<object>
		<name>cycle</name>
		<pose>Unspecified</pose>
		<truncated>0</truncated>
		<difficult>0</difficult>
		<bndbox>
			<xmin>139</xmin>
			<ymin>204</ymin>
			<xmax>264</xmax>
			<ymax>440</ymax>
		</bndbox>
	</object>
</annotation>
