<annotation>
	<folder>cycle</folder>
	<filename>cycle.239.jpg</filename>
	<path>F:\dataset\cycle\cycle.239.jpg</path>
	<source>
		<database>Unknown</database>
	</source>
	<size>
		<width>375</width>
		<height>500</height>
		<depth>3</depth>
	</size>
	<segmented>0</segmented>
	<object>
		<name>cycle</name>
		<pose>Unspecified</pose>
		<truncated>1</truncated>
		<difficult>0</difficult>
		<bndbox>
			<xmin>28</xmin>
			<ymin>191</ymin>
			<xmax>375</xmax>
			<ymax>369</ymax>
		</bndbox>
	</object>
</annotation>
