<annotation>
	<folder>cycle</folder>
	<filename>cycle.320.jpg</filename>
	<path>F:\dataset\cycle\cycle.320.jpg</path>
	<source>
		<database>Unknown</database>
	</source>
	<size>
		<width>500</width>
		<height>375</height>
		<depth>3</depth>
	</size>
	<segmented>0</segmented>
	<object>
		<name>cycle</name>
		<pose>Unspecified</pose>
		<truncated>0</truncated>
		<difficult>0</difficult>
		<bndbox>
			<xmin>189</xmin>
			<ymin>200</ymin>
			<xmax>293</xmax>
			<ymax>285</ymax>
		</bndbox>
	</object>
	<object>
		<name>cycle</name>
		<pose>Unspecified</pose>
		<truncated>0</truncated>
		<difficult>0</difficult>
		<bndbox>
			<xmin>382</xmin>
			<ymin>186</ymin>
			<xmax>494</xmax>
			<ymax>259</ymax>
		</bndbox>
	</object>
</annotation>
