<annotation>
	<folder>dog</folder>
	<filename>dog.31.jpg</filename>
	<path>F:\dataset\dog\dog.31.jpg</path>
	<source>
		<database>Unknown</database>
	</source>
	<size>
		<width>500</width>
		<height>374</height>
		<depth>3</depth>
	</size>
	<segmented>0</segmented>
	<object>
		<name>dog</name>
		<pose>Unspecified</pose>
		<truncated>0</truncated>
		<difficult>0</difficult>
		<bndbox>
			<xmin>56</xmin>
			<ymin>113</ymin>
			<xmax>398</xmax>
			<ymax>345</ymax>
		</bndbox>
	</object>
</annotation>
