<annotation>
	<folder>dog</folder>
	<filename>dog.104.jpg</filename>
	<path>F:\dataset\dog\dog.104.jpg</path>
	<source>
		<database>Unknown</database>
	</source>
	<size>
		<width>500</width>
		<height>375</height>
		<depth>3</depth>
	</size>
	<segmented>0</segmented>
	<object>
		<name>dog</name>
		<pose>Unspecified</pose>
		<truncated>0</truncated>
		<difficult>0</difficult>
		<bndbox>
			<xmin>115</xmin>
			<ymin>45</ymin>
			<xmax>463</xmax>
			<ymax>370</ymax>
		</bndbox>
	</object>
</annotation>
