<annotation>
	<folder>dog</folder>
	<filename>dog.54.jpg</filename>
	<path>F:\dataset\dog\dog.54.jpg</path>
	<source>
		<database>Unknown</database>
	</source>
	<size>
		<width>500</width>
		<height>375</height>
		<depth>3</depth>
	</size>
	<segmented>0</segmented>
	<object>
		<name>dog</name>
		<pose>Unspecified</pose>
		<truncated>0</truncated>
		<difficult>0</difficult>
		<bndbox>
			<xmin>128</xmin>
			<ymin>45</ymin>
			<xmax>317</xmax>
			<ymax>373</ymax>
		</bndbox>
	</object>
</annotation>
