<annotation>
	<folder>dog</folder>
	<filename>dog.99.jpg</filename>
	<path>F:\dataset\dog\dog.99.jpg</path>
	<source>
		<database>Unknown</database>
	</source>
	<size>
		<width>285</width>
		<height>400</height>
		<depth>3</depth>
	</size>
	<segmented>0</segmented>
	<object>
		<name>dog</name>
		<pose>Unspecified</pose>
		<truncated>0</truncated>
		<difficult>0</difficult>
		<bndbox>
			<xmin>153</xmin>
			<ymin>243</ymin>
			<xmax>201</xmax>
			<ymax>369</ymax>
		</bndbox>
	</object>
</annotation>
