<annotation>
	<folder>dog</folder>
	<filename>dog.48.jpg</filename>
	<path>F:\dataset\dog\dog.48.jpg</path>
	<source>
		<database>Unknown</database>
	</source>
	<size>
		<width>375</width>
		<height>500</height>
		<depth>3</depth>
	</size>
	<segmented>0</segmented>
	<object>
		<name>dog</name>
		<pose>Unspecified</pose>
		<truncated>0</truncated>
		<difficult>0</difficult>
		<bndbox>
			<xmin>175</xmin>
			<ymin>143</ymin>
			<xmax>244</xmax>
			<ymax>247</ymax>
		</bndbox>
	</object>
	<object>
		<name>dog</name>
		<pose>Unspecified</pose>
		<truncated>0</truncated>
		<difficult>0</difficult>
		<bndbox>
			<xmin>133</xmin>
			<ymin>223</ymin>
			<xmax>263</xmax>
			<ymax>496</ymax>
		</bndbox>
	</object>
</annotation>
