<annotation>
	<folder>dog</folder>
	<filename>dog.75.jpg</filename>
	<path>F:\dataset\dog\dog.75.jpg</path>
	<source>
		<database>Unknown</database>
	</source>
	<size>
		<width>337</width>
		<height>500</height>
		<depth>3</depth>
	</size>
	<segmented>0</segmented>
	<object>
		<name>dog</name>
		<pose>Unspecified</pose>
		<truncated>0</truncated>
		<difficult>0</difficult>
		<bndbox>
			<xmin>136</xmin>
			<ymin>93</ymin>
			<xmax>282</xmax>
			<ymax>453</ymax>
		</bndbox>
	</object>
</annotation>
