<annotation>
	<folder>dog</folder>
	<filename>dog.151.jpg</filename>
	<path>F:\dataset\dog\dog.151.jpg</path>
	<source>
		<database>Unknown</database>
	</source>
	<size>
		<width>500</width>
		<height>380</height>
		<depth>3</depth>
	</size>
	<segmented>0</segmented>
	<object>
		<name>dog</name>
		<pose>Unspecified</pose>
		<truncated>0</truncated>
		<difficult>0</difficult>
		<bndbox>
			<xmin>187</xmin>
			<ymin>93</ymin>
			<xmax>376</xmax>
			<ymax>348</ymax>
		</bndbox>
	</object>
</annotation>
