<annotation>
	<folder>dog</folder>
	<filename>dog.1.jpg</filename>
	<path>F:\dataset\dog\dog.1.jpg</path>
	<source>
		<database>Unknown</database>
	</source>
	<size>
		<width>499</width>
		<height>332</height>
		<depth>3</depth>
	</size>
	<segmented>0</segmented>
	<object>
		<name>dog</name>
		<pose>Unspecified</pose>
		<truncated>1</truncated>
		<difficult>0</difficult>
		<bndbox>
			<xmin>147</xmin>
			<ymin>17</ymin>
			<xmax>499</xmax>
			<ymax>326</ymax>
		</bndbox>
	</object>
</annotation>
