<annotation>
	<folder>dog</folder>
	<filename>dog.121.jpg</filename>
	<path>F:\dataset\dog\dog.121.jpg</path>
	<source>
		<database>Unknown</database>
	</source>
	<size>
		<width>500</width>
		<height>363</height>
		<depth>3</depth>
	</size>
	<segmented>0</segmented>
	<object>
		<name>dog</name>
		<pose>Unspecified</pose>
		<truncated>0</truncated>
		<difficult>0</difficult>
		<bndbox>
			<xmin>82</xmin>
			<ymin>31</ymin>
			<xmax>468</xmax>
			<ymax>305</ymax>
		</bndbox>
	</object>
</annotation>
