<annotation>
	<folder>dog</folder>
	<filename>dog.113.jpg</filename>
	<path>F:\dataset\dog\dog.113.jpg</path>
	<source>
		<database>Unknown</database>
	</source>
	<size>
		<width>499</width>
		<height>374</height>
		<depth>3</depth>
	</size>
	<segmented>0</segmented>
	<object>
		<name>dog</name>
		<pose>Unspecified</pose>
		<truncated>0</truncated>
		<difficult>0</difficult>
		<bndbox>
			<xmin>9</xmin>
			<ymin>172</ymin>
			<xmax>146</xmax>
			<ymax>364</ymax>
		</bndbox>
	</object>
	<object>
		<name>dog</name>
		<pose>Unspecified</pose>
		<truncated>0</truncated>
		<difficult>0</difficult>
		<bndbox>
			<xmin>146</xmin>
			<ymin>67</ymin>
			<xmax>213</xmax>
			<ymax>174</ymax>
		</bndbox>
	</object>
	<object>
		<name>dog</name>
		<pose>Unspecified</pose>
		<truncated>0</truncated>
		<difficult>0</difficult>
		<bndbox>
			<xmin>279</xmin>
			<ymin>74</ymin>
			<xmax>351</xmax>
			<ymax>205</ymax>
		</bndbox>
	</object>
	<object>
		<name>dog</name>
		<pose>Unspecified</pose>
		<truncated>0</truncated>
		<difficult>0</difficult>
		<bndbox>
			<xmin>389</xmin>
			<ymin>99</ymin>
			<xmax>469</xmax>
			<ymax>254</ymax>
		</bndbox>
	</object>
</annotation>
