<annotation>
	<folder>dog</folder>
	<filename>dog.153.jpg</filename>
	<path>F:\dataset\dog\dog.153.jpg</path>
	<source>
		<database>Unknown</database>
	</source>
	<size>
		<width>499</width>
		<height>332</height>
		<depth>3</depth>
	</size>
	<segmented>0</segmented>
	<object>
		<name>dog</name>
		<pose>Unspecified</pose>
		<truncated>0</truncated>
		<difficult>0</difficult>
		<bndbox>
			<xmin>65</xmin>
			<ymin>36</ymin>
			<xmax>229</xmax>
			<ymax>185</ymax>
		</bndbox>
	</object>
	<object>
		<name>dog</name>
		<pose>Unspecified</pose>
		<truncated>0</truncated>
		<difficult>0</difficult>
		<bndbox>
			<xmin>179</xmin>
			<ymin>164</ymin>
			<xmax>358</xmax>
			<ymax>303</ymax>
		</bndbox>
	</object>
</annotation>
