<annotation>
	<folder>dog</folder>
	<filename>dog.33.jpg</filename>
	<path>F:\dataset\dog\dog.33.jpg</path>
	<source>
		<database>Unknown</database>
	</source>
	<size>
		<width>375</width>
		<height>500</height>
		<depth>3</depth>
	</size>
	<segmented>0</segmented>
	<object>
		<name>dog</name>
		<pose>Unspecified</pose>
		<truncated>0</truncated>
		<difficult>0</difficult>
		<bndbox>
			<xmin>35</xmin>
			<ymin>89</ymin>
			<xmax>210</xmax>
			<ymax>457</ymax>
		</bndbox>
	</object>
	<object>
		<name>dog</name>
		<pose>Unspecified</pose>
		<truncated>0</truncated>
		<difficult>0</difficult>
		<bndbox>
			<xmin>220</xmin>
			<ymin>128</ymin>
			<xmax>359</xmax>
			<ymax>483</ymax>
		</bndbox>
	</object>
</annotation>
