<annotation>
	<folder>dog</folder>
	<filename>dog.29.jpg</filename>
	<path>F:\dataset\dog\dog.29.jpg</path>
	<source>
		<database>Unknown</database>
	</source>
	<size>
		<width>1729</width>
		<height>1200</height>
		<depth>3</depth>
	</size>
	<segmented>0</segmented>
	<object>
		<name>dog</name>
		<pose>Unspecified</pose>
		<truncated>0</truncated>
		<difficult>0</difficult>
		<bndbox>
			<xmin>606</xmin>
			<ymin>347</ymin>
			<xmax>1013</xmax>
			<ymax>1141</ymax>
		</bndbox>
	</object>
</annotation>
