<annotation>
	<folder>dog</folder>
	<filename>dog.105.jpg</filename>
	<path>F:\dataset\dog\dog.105.jpg</path>
	<source>
		<database>Unknown</database>
	</source>
	<size>
		<width>403</width>
		<height>499</height>
		<depth>3</depth>
	</size>
	<segmented>0</segmented>
	<object>
		<name>dog</name>
		<pose>Unspecified</pose>
		<truncated>0</truncated>
		<difficult>0</difficult>
		<bndbox>
			<xmin>17</xmin>
			<ymin>36</ymin>
			<xmax>392</xmax>
			<ymax>468</ymax>
		</bndbox>
	</object>
</annotation>
