<annotation>
	<folder>dog</folder>
	<filename>dog.70.jpg</filename>
	<path>F:\dataset\dog\dog.70.jpg</path>
	<source>
		<database>Unknown</database>
	</source>
	<size>
		<width>500</width>
		<height>281</height>
		<depth>3</depth>
	</size>
	<segmented>0</segmented>
	<object>
		<name>dog</name>
		<pose>Unspecified</pose>
		<truncated>0</truncated>
		<difficult>0</difficult>
		<bndbox>
			<xmin>126</xmin>
			<ymin>66</ymin>
			<xmax>253</xmax>
			<ymax>159</ymax>
		</bndbox>
	</object>
</annotation>
