<annotation>
	<folder>dog</folder>
	<filename>dog.56.jpg</filename>
	<path>F:\dataset\dog\dog.56.jpg</path>
	<source>
		<database>Unknown</database>
	</source>
	<size>
		<width>500</width>
		<height>466</height>
		<depth>3</depth>
	</size>
	<segmented>0</segmented>
	<object>
		<name>dog</name>
		<pose>Unspecified</pose>
		<truncated>0</truncated>
		<difficult>0</difficult>
		<bndbox>
			<xmin>40</xmin>
			<ymin>32</ymin>
			<xmax>460</xmax>
			<ymax>456</ymax>
		</bndbox>
	</object>
</annotation>
