<annotation>
	<folder>dog</folder>
	<filename>dog.84.jpg</filename>
	<path>F:\dataset\dog\dog.84.jpg</path>
	<source>
		<database>Unknown</database>
	</source>
	<size>
		<width>499</width>
		<height>332</height>
		<depth>3</depth>
	</size>
	<segmented>0</segmented>
	<object>
		<name>dog</name>
		<pose>Unspecified</pose>
		<truncated>0</truncated>
		<difficult>0</difficult>
		<bndbox>
			<xmin>206</xmin>
			<ymin>90</ymin>
			<xmax>399</xmax>
			<ymax>265</ymax>
		</bndbox>
	</object>
</annotation>
