<annotation>
	<folder>dog</folder>
	<filename>dog.7.jpg</filename>
	<path>F:\dataset\dog\dog.7.jpg</path>
	<source>
		<database>Unknown</database>
	</source>
	<size>
		<width>499</width>
		<height>333</height>
		<depth>3</depth>
	</size>
	<segmented>0</segmented>
	<object>
		<name>dog</name>
		<pose>Unspecified</pose>
		<truncated>1</truncated>
		<difficult>0</difficult>
		<bndbox>
			<xmin>161</xmin>
			<ymin>16</ymin>
			<xmax>498</xmax>
			<ymax>333</ymax>
		</bndbox>
	</object>
</annotation>
