<annotation>
	<folder>dog</folder>
	<filename>dog.94.jpg</filename>
	<path>F:\dataset\dog\dog.94.jpg</path>
	<source>
		<database>Unknown</database>
	</source>
	<size>
		<width>480</width>
		<height>360</height>
		<depth>3</depth>
	</size>
	<segmented>0</segmented>
	<object>
		<name>dog</name>
		<pose>Unspecified</pose>
		<truncated>0</truncated>
		<difficult>0</difficult>
		<bndbox>
			<xmin>189</xmin>
			<ymin>98</ymin>
			<xmax>251</xmax>
			<ymax>225</ymax>
		</bndbox>
	</object>
</annotation>
