<annotation>
	<folder>dog</folder>
	<filename>dog.55.jpg</filename>
	<path>F:\dataset\dog\dog.55.jpg</path>
	<source>
		<database>Unknown</database>
	</source>
	<size>
		<width>500</width>
		<height>379</height>
		<depth>3</depth>
	</size>
	<segmented>0</segmented>
	<object>
		<name>dog</name>
		<pose>Unspecified</pose>
		<truncated>0</truncated>
		<difficult>0</difficult>
		<bndbox>
			<xmin>61</xmin>
			<ymin>50</ymin>
			<xmax>299</xmax>
			<ymax>351</ymax>
		</bndbox>
	</object>
</annotation>
