<annotation>
	<folder>dog</folder>
	<filename>dog.37.jpg</filename>
	<path>F:\dataset\dog\dog.37.jpg</path>
	<source>
		<database>Unknown</database>
	</source>
	<size>
		<width>336</width>
		<height>500</height>
		<depth>3</depth>
	</size>
	<segmented>0</segmented>
	<object>
		<name>dog</name>
		<pose>Unspecified</pose>
		<truncated>0</truncated>
		<difficult>0</difficult>
		<bndbox>
			<xmin>37</xmin>
			<ymin>62</ymin>
			<xmax>323</xmax>
			<ymax>495</ymax>
		</bndbox>
	</object>
</annotation>
