<annotation>
	<folder>dog</folder>
	<filename>dog.58.jpg</filename>
	<path>F:\dataset\dog\dog.58.jpg</path>
	<source>
		<database>Unknown</database>
	</source>
	<size>
		<width>500</width>
		<height>374</height>
		<depth>3</depth>
	</size>
	<segmented>0</segmented>
	<object>
		<name>dog</name>
		<pose>Unspecified</pose>
		<truncated>1</truncated>
		<difficult>0</difficult>
		<bndbox>
			<xmin>82</xmin>
			<ymin>22</ymin>
			<xmax>500</xmax>
			<ymax>345</ymax>
		</bndbox>
	</object>
</annotation>
