<annotation>
	<folder>dog</folder>
	<filename>dog.18.jpg</filename>
	<path>F:\dataset\dog\dog.18.jpg</path>
	<source>
		<database>Unknown</database>
	</source>
	<size>
		<width>500</width>
		<height>446</height>
		<depth>3</depth>
	</size>
	<segmented>0</segmented>
	<object>
		<name>dog</name>
		<pose>Unspecified</pose>
		<truncated>0</truncated>
		<difficult>0</difficult>
		<bndbox>
			<xmin>183</xmin>
			<ymin>259</ymin>
			<xmax>315</xmax>
			<ymax>414</ymax>
		</bndbox>
	</object>
</annotation>
