<annotation>
	<folder>dog</folder>
	<filename>dog.14.jpg</filename>
	<path>F:\dataset\dog\dog.14.jpg</path>
	<source>
		<database>Unknown</database>
	</source>
	<size>
		<width>402</width>
		<height>500</height>
		<depth>3</depth>
	</size>
	<segmented>0</segmented>
	<object>
		<name>dog</name>
		<pose>Unspecified</pose>
		<truncated>1</truncated>
		<difficult>0</difficult>
		<bndbox>
			<xmin>4</xmin>
			<ymin>21</ymin>
			<xmax>402</xmax>
			<ymax>462</ymax>
		</bndbox>
	</object>
</annotation>
