<annotation>
	<folder>dog</folder>
	<filename>dog.100.jpg</filename>
	<path>F:\dataset\dog\dog.100.jpg</path>
	<source>
		<database>Unknown</database>
	</source>
	<size>
		<width>500</width>
		<height>375</height>
		<depth>3</depth>
	</size>
	<segmented>0</segmented>
	<object>
		<name>dog</name>
		<pose>Unspecified</pose>
		<truncated>1</truncated>
		<difficult>0</difficult>
		<bndbox>
			<xmin>133</xmin>
			<ymin>22</ymin>
			<xmax>436</xmax>
			<ymax>375</ymax>
		</bndbox>
	</object>
</annotation>
