<annotation>
	<folder>dog</folder>
	<filename>dog.132.jpg</filename>
	<path>F:\dataset\dog\dog.132.jpg</path>
	<source>
		<database>Unknown</database>
	</source>
	<size>
		<width>500</width>
		<height>333</height>
		<depth>3</depth>
	</size>
	<segmented>0</segmented>
	<object>
		<name>dog</name>
		<pose>Unspecified</pose>
		<truncated>1</truncated>
		<difficult>0</difficult>
		<bndbox>
			<xmin>83</xmin>
			<ymin>99</ymin>
			<xmax>332</xmax>
			<ymax>333</ymax>
		</bndbox>
	</object>
</annotation>
