<annotation>
	<folder>Car-new</folder>
	<filename>car.111.jpg</filename>
	<path>F:\dataset\Car-new\car.111.jpg</path>
	<source>
		<database>Unknown</database>
	</source>
	<size>
		<width>499</width>
		<height>390</height>
		<depth>3</depth>
	</size>
	<segmented>0</segmented>
	<object>
		<name>car</name>
		<pose>Unspecified</pose>
		<truncated>0</truncated>
		<difficult>0</difficult>
		<bndbox>
			<xmin>11</xmin>
			<ymin>150</ymin>
			<xmax>402</xmax>
			<ymax>343</ymax>
		</bndbox>
	</object>
</annotation>
