<annotation>
	<folder>Car-new</folder>
	<filename>car.422.jpg</filename>
	<path>F:\dataset\Car-new\car.422.jpg</path>
	<source>
		<database>Unknown</database>
	</source>
	<size>
		<width>499</width>
		<height>246</height>
		<depth>3</depth>
	</size>
	<segmented>0</segmented>
	<object>
		<name>car</name>
		<pose>Unspecified</pose>
		<truncated>0</truncated>
		<difficult>0</difficult>
		<bndbox>
			<xmin>23</xmin>
			<ymin>59</ymin>
			<xmax>267</xmax>
			<ymax>215</ymax>
		</bndbox>
	</object>
	<object>
		<name>car</name>
		<pose>Unspecified</pose>
		<truncated>0</truncated>
		<difficult>0</difficult>
		<bndbox>
			<xmin>249</xmin>
			<ymin>11</ymin>
			<xmax>478</xmax>
			<ymax>138</ymax>
		</bndbox>
	</object>
</annotation>
