<annotation>
	<folder>Car-new</folder>
	<filename>car.148.jpg</filename>
	<path>F:\dataset\Car-new\car.148.jpg</path>
	<source>
		<database>Unknown</database>
	</source>
	<size>
		<width>800</width>
		<height>409</height>
		<depth>3</depth>
	</size>
	<segmented>0</segmented>
	<object>
		<name>car</name>
		<pose>Unspecified</pose>
		<truncated>0</truncated>
		<difficult>0</difficult>
		<bndbox>
			<xmin>22</xmin>
			<ymin>34</ymin>
			<xmax>772</xmax>
			<ymax>354</ymax>
		</bndbox>
	</object>
</annotation>
