<annotation>
	<folder>Car-new</folder>
	<filename>car.653.jpg</filename>
	<path>F:\dataset\Car-new\car.653.jpg</path>
	<source>
		<database>Unknown</database>
	</source>
	<size>
		<width>499</width>
		<height>333</height>
		<depth>3</depth>
	</size>
	<segmented>0</segmented>
	<object>
		<name>car</name>
		<pose>Unspecified</pose>
		<truncated>0</truncated>
		<difficult>0</difficult>
		<bndbox>
			<xmin>97</xmin>
			<ymin>173</ymin>
			<xmax>459</xmax>
			<ymax>304</ymax>
		</bndbox>
	</object>
</annotation>
