<annotation>
	<folder>Car-new</folder>
	<filename>car.350.jpg</filename>
	<path>F:\dataset\Car-new\car.350.jpg</path>
	<source>
		<database>Unknown</database>
	</source>
	<size>
		<width>663</width>
		<height>311</height>
		<depth>3</depth>
	</size>
	<segmented>0</segmented>
	<object>
		<name>car</name>
		<pose>Unspecified</pose>
		<truncated>0</truncated>
		<difficult>0</difficult>
		<bndbox>
			<xmin>16</xmin>
			<ymin>54</ymin>
			<xmax>625</xmax>
			<ymax>249</ymax>
		</bndbox>
	</object>
	<object>
		<name>car</name>
		<pose>Unspecified</pose>
		<truncated>0</truncated>
		<difficult>0</difficult>
		<bndbox>
			<xmin>489</xmin>
			<ymin>52</ymin>
			<xmax>662</xmax>
			<ymax>139</ymax>
		</bndbox>
	</object>
	<object>
		<name>car</name>
		<pose>Unspecified</pose>
		<truncated>0</truncated>
		<difficult>0</difficult>
		<bndbox>
			<xmin>417</xmin>
			<ymin>22</ymin>
			<xmax>554</xmax>
			<ymax>79</ymax>
		</bndbox>
	</object>
</annotation>
