<annotation>
	<folder>Car-new</folder>
	<filename>car.31.jpg</filename>
	<path>F:\dataset\Car-new\car.31.jpg</path>
	<source>
		<database>Unknown</database>
	</source>
	<size>
		<width>500</width>
		<height>399</height>
		<depth>3</depth>
	</size>
	<segmented>0</segmented>
	<object>
		<name>car</name>
		<pose>Unspecified</pose>
		<truncated>0</truncated>
		<difficult>0</difficult>
		<bndbox>
			<xmin>213</xmin>
			<ymin>197</ymin>
			<xmax>433</xmax>
			<ymax>293</ymax>
		</bndbox>
	</object>
	<object>
		<name>car</name>
		<pose>Unspecified</pose>
		<truncated>0</truncated>
		<difficult>0</difficult>
		<bndbox>
			<xmin>6</xmin>
			<ymin>193</ymin>
			<xmax>193</xmax>
			<ymax>285</ymax>
		</bndbox>
	</object>
</annotation>
