<annotation>
	<folder>Car-new</folder>
	<filename>car.463.jpg</filename>
	<path>F:\dataset\Car-new\car.463.jpg</path>
	<source>
		<database>Unknown</database>
	</source>
	<size>
		<width>499</width>
		<height>299</height>
		<depth>3</depth>
	</size>
	<segmented>0</segmented>
	<object>
		<name>car</name>
		<pose>Unspecified</pose>
		<truncated>0</truncated>
		<difficult>0</difficult>
		<bndbox>
			<xmin>63</xmin>
			<ymin>63</ymin>
			<xmax>418</xmax>
			<ymax>250</ymax>
		</bndbox>
	</object>
</annotation>
