<annotation>
	<folder>Car-new</folder>
	<filename>car.402.jpg</filename>
	<path>F:\dataset\Car-new\car.402.jpg</path>
	<source>
		<database>Unknown</database>
	</source>
	<size>
		<width>499</width>
		<height>373</height>
		<depth>3</depth>
	</size>
	<segmented>0</segmented>
	<object>
		<name>car</name>
		<pose>Unspecified</pose>
		<truncated>0</truncated>
		<difficult>0</difficult>
		<bndbox>
			<xmin>46</xmin>
			<ymin>56</ymin>
			<xmax>317</xmax>
			<ymax>130</ymax>
		</bndbox>
	</object>
	<object>
		<name>car</name>
		<pose>Unspecified</pose>
		<truncated>0</truncated>
		<difficult>0</difficult>
		<bndbox>
			<xmin>6</xmin>
			<ymin>95</ymin>
			<xmax>495</xmax>
			<ymax>332</ymax>
		</bndbox>
	</object>
</annotation>
