<annotation>
	<folder>Car-new</folder>
	<filename>car.100.jpg</filename>
	<path>F:\dataset\Car-new\car.100.jpg</path>
	<source>
		<database>Unknown</database>
	</source>
	<size>
		<width>500</width>
		<height>375</height>
		<depth>3</depth>
	</size>
	<segmented>0</segmented>
	<object>
		<name>car</name>
		<pose>Unspecified</pose>
		<truncated>1</truncated>
		<difficult>0</difficult>
		<bndbox>
			<xmin>45</xmin>
			<ymin>57</ymin>
			<xmax>478</xmax>
			<ymax>375</ymax>
		</bndbox>
	</object>
</annotation>
