<annotation>
	<folder>Car-new</folder>
	<filename>car.4.jpg</filename>
	<path>F:\dataset\Car-new\car.4.jpg</path>
	<source>
		<database>Unknown</database>
	</source>
	<size>
		<width>450</width>
		<height>296</height>
		<depth>3</depth>
	</size>
	<segmented>0</segmented>
	<object>
		<name>car</name>
		<pose>Unspecified</pose>
		<truncated>0</truncated>
		<difficult>0</difficult>
		<bndbox>
			<xmin>14</xmin>
			<ymin>135</ymin>
			<xmax>446</xmax>
			<ymax>276</ymax>
		</bndbox>
	</object>
</annotation>
