<annotation>
	<folder>Car-new</folder>
	<filename>car.137.jpg</filename>
	<path>F:\dataset\Car-new\car.137.jpg</path>
	<source>
		<database>Unknown</database>
	</source>
	<size>
		<width>400</width>
		<height>300</height>
		<depth>3</depth>
	</size>
	<segmented>0</segmented>
	<object>
		<name>car</name>
		<pose>Unspecified</pose>
		<truncated>0</truncated>
		<difficult>0</difficult>
		<bndbox>
			<xmin>27</xmin>
			<ymin>70</ymin>
			<xmax>364</xmax>
			<ymax>255</ymax>
		</bndbox>
	</object>
</annotation>
