<annotation>
	<folder>Car-new</folder>
	<filename>car.489.jpg</filename>
	<path>F:\dataset\Car-new\car.489.jpg</path>
	<source>
		<database>Unknown</database>
	</source>
	<size>
		<width>500</width>
		<height>332</height>
		<depth>3</depth>
	</size>
	<segmented>0</segmented>
	<object>
		<name>car</name>
		<pose>Unspecified</pose>
		<truncated>0</truncated>
		<difficult>0</difficult>
		<bndbox>
			<xmin>29</xmin>
			<ymin>157</ymin>
			<xmax>313</xmax>
			<ymax>253</ymax>
		</bndbox>
	</object>
	<object>
		<name>car</name>
		<pose>Unspecified</pose>
		<truncated>1</truncated>
		<difficult>0</difficult>
		<bndbox>
			<xmin>258</xmin>
			<ymin>164</ymin>
			<xmax>500</xmax>
			<ymax>251</ymax>
		</bndbox>
	</object>
</annotation>
