<annotation>
	<folder>Car-new</folder>
	<filename>car.160.jpg</filename>
	<path>F:\dataset\Car-new\car.160.jpg</path>
	<source>
		<database>Unknown</database>
	</source>
	<size>
		<width>499</width>
		<height>332</height>
		<depth>3</depth>
	</size>
	<segmented>0</segmented>
	<object>
		<name>car</name>
		<pose>Unspecified</pose>
		<truncated>0</truncated>
		<difficult>0</difficult>
		<bndbox>
			<xmin>35</xmin>
			<ymin>91</ymin>
			<xmax>446</xmax>
			<ymax>235</ymax>
		</bndbox>
	</object>
</annotation>
