<annotation>
	<folder>Car-new</folder>
	<filename>car.619.jpg</filename>
	<path>F:\dataset\Car-new\car.619.jpg</path>
	<source>
		<database>Unknown</database>
	</source>
	<size>
		<width>500</width>
		<height>375</height>
		<depth>3</depth>
	</size>
	<segmented>0</segmented>
	<object>
		<name>car</name>
		<pose>Unspecified</pose>
		<truncated>1</truncated>
		<difficult>0</difficult>
		<bndbox>
			<xmin>22</xmin>
			<ymin>70</ymin>
			<xmax>500</xmax>
			<ymax>370</ymax>
		</bndbox>
	</object>
</annotation>
