<annotation>
	<folder>Car-new</folder>
	<filename>car.12.jpg</filename>
	<path>F:\dataset\Car-new\car.12.jpg</path>
	<source>
		<database>Unknown</database>
	</source>
	<size>
		<width>500</width>
		<height>375</height>
		<depth>3</depth>
	</size>
	<segmented>0</segmented>
	<object>
		<name>car</name>
		<pose>Unspecified</pose>
		<truncated>0</truncated>
		<difficult>0</difficult>
		<bndbox>
			<xmin>175</xmin>
			<ymin>168</ymin>
			<xmax>291</xmax>
			<ymax>208</ymax>
		</bndbox>
	</object>
	<object>
		<name>car</name>
		<pose>Unspecified</pose>
		<truncated>0</truncated>
		<difficult>0</difficult>
		<bndbox>
			<xmin>274</xmin>
			<ymin>210</ymin>
			<xmax>382</xmax>
			<ymax>251</ymax>
		</bndbox>
	</object>
</annotation>
