<annotation>
	<folder>Car-new</folder>
	<filename>car.113.jpg</filename>
	<path>F:\dataset\Car-new\car.113.jpg</path>
	<source>
		<database>Unknown</database>
	</source>
	<size>
		<width>499</width>
		<height>333</height>
		<depth>3</depth>
	</size>
	<segmented>0</segmented>
	<object>
		<name>car</name>
		<pose>Unspecified</pose>
		<truncated>0</truncated>
		<difficult>0</difficult>
		<bndbox>
			<xmin>33</xmin>
			<ymin>75</ymin>
			<xmax>320</xmax>
			<ymax>293</ymax>
		</bndbox>
	</object>
</annotation>
