<annotation>
	<folder>Car-new</folder>
	<filename>car.525.jpg</filename>
	<path>F:\dataset\Car-new\car.525.jpg</path>
	<source>
		<database>Unknown</database>
	</source>
	<size>
		<width>480</width>
		<height>275</height>
		<depth>3</depth>
	</size>
	<segmented>0</segmented>
	<object>
		<name>car</name>
		<pose>Unspecified</pose>
		<truncated>0</truncated>
		<difficult>0</difficult>
		<bndbox>
			<xmin>24</xmin>
			<ymin>66</ymin>
			<xmax>478</xmax>
			<ymax>199</ymax>
		</bndbox>
	</object>
</annotation>
