<annotation>
	<folder>Car-new</folder>
	<filename>car.671.jpg</filename>
	<path>F:\dataset\Car-new\car.671.jpg</path>
	<source>
		<database>Unknown</database>
	</source>
	<size>
		<width>395</width>
		<height>499</height>
		<depth>3</depth>
	</size>
	<segmented>0</segmented>
	<object>
		<name>car</name>
		<pose>Unspecified</pose>
		<truncated>0</truncated>
		<difficult>0</difficult>
		<bndbox>
			<xmin>45</xmin>
			<ymin>264</ymin>
			<xmax>327</xmax>
			<ymax>420</ymax>
		</bndbox>
	</object>
</annotation>
