<annotation>
	<folder>Car-new</folder>
	<filename>car.495.jpg</filename>
	<path>F:\dataset\Car-new\car.495.jpg</path>
	<source>
		<database>Unknown</database>
	</source>
	<size>
		<width>480</width>
		<height>318</height>
		<depth>3</depth>
	</size>
	<segmented>0</segmented>
	<object>
		<name>car</name>
		<pose>Unspecified</pose>
		<truncated>0</truncated>
		<difficult>0</difficult>
		<bndbox>
			<xmin>17</xmin>
			<ymin>64</ymin>
			<xmax>473</xmax>
			<ymax>255</ymax>
		</bndbox>
	</object>
</annotation>
