<annotation>
	<folder>Car-new</folder>
	<filename>car.654.jpg</filename>
	<path>F:\dataset\Car-new\car.654.jpg</path>
	<source>
		<database>Unknown</database>
	</source>
	<size>
		<width>500</width>
		<height>375</height>
		<depth>3</depth>
	</size>
	<segmented>0</segmented>
	<object>
		<name>car</name>
		<pose>Unspecified</pose>
		<truncated>0</truncated>
		<difficult>0</difficult>
		<bndbox>
			<xmin>14</xmin>
			<ymin>131</ymin>
			<xmax>325</xmax>
			<ymax>353</ymax>
		</bndbox>
	</object>
	<object>
		<name>car</name>
		<pose>Unspecified</pose>
		<truncated>0</truncated>
		<difficult>0</difficult>
		<bndbox>
			<xmin>66</xmin>
			<ymin>111</ymin>
			<xmax>233</xmax>
			<ymax>171</ymax>
		</bndbox>
	</object>
</annotation>
