<annotation>
	<folder>Car-new</folder>
	<filename>car.50.jpg</filename>
	<path>F:\dataset\Car-new\car.50.jpg</path>
	<source>
		<database>Unknown</database>
	</source>
	<size>
		<width>1920</width>
		<height>1440</height>
		<depth>3</depth>
	</size>
	<segmented>0</segmented>
	<object>
		<name>car</name>
		<pose>Unspecified</pose>
		<truncated>0</truncated>
		<difficult>0</difficult>
		<bndbox>
			<xmin>56</xmin>
			<ymin>45</ymin>
			<xmax>1831</xmax>
			<ymax>1393</ymax>
		</bndbox>
	</object>
</annotation>
