<annotation>
	<folder>Car-new</folder>
	<filename>car.155.jpg</filename>
	<path>F:\dataset\Car-new\car.155.jpg</path>
	<source>
		<database>Unknown</database>
	</source>
	<size>
		<width>320</width>
		<height>240</height>
		<depth>3</depth>
	</size>
	<segmented>0</segmented>
	<object>
		<name>car</name>
		<pose>Unspecified</pose>
		<truncated>0</truncated>
		<difficult>0</difficult>
		<bndbox>
			<xmin>24</xmin>
			<ymin>32</ymin>
			<xmax>314</xmax>
			<ymax>220</ymax>
		</bndbox>
	</object>
</annotation>
