<annotation>
	<folder>Car-new</folder>
	<filename>car.296.jpg</filename>
	<path>F:\dataset\Car-new\car.296.jpg</path>
	<source>
		<database>Unknown</database>
	</source>
	<size>
		<width>466</width>
		<height>302</height>
		<depth>3</depth>
	</size>
	<segmented>0</segmented>
	<object>
		<name>car</name>
		<pose>Unspecified</pose>
		<truncated>0</truncated>
		<difficult>0</difficult>
		<bndbox>
			<xmin>26</xmin>
			<ymin>22</ymin>
			<xmax>443</xmax>
			<ymax>272</ymax>
		</bndbox>
	</object>
</annotation>
