<annotation>
	<folder>Car-new</folder>
	<filename>car.153.jpg</filename>
	<path>F:\dataset\Car-new\car.153.jpg</path>
	<source>
		<database>Unknown</database>
	</source>
	<size>
		<width>500</width>
		<height>375</height>
		<depth>3</depth>
	</size>
	<segmented>0</segmented>
	<object>
		<name>car</name>
		<pose>Unspecified</pose>
		<truncated>0</truncated>
		<difficult>0</difficult>
		<bndbox>
			<xmin>2</xmin>
			<ymin>30</ymin>
			<xmax>488</xmax>
			<ymax>310</ymax>
		</bndbox>
	</object>
</annotation>
