<annotation>
	<folder>Car-new</folder>
	<filename>car.301.jpg</filename>
	<path>F:\dataset\Car-new\car.301.jpg</path>
	<source>
		<database>Unknown</database>
	</source>
	<size>
		<width>575</width>
		<height>383</height>
		<depth>3</depth>
	</size>
	<segmented>0</segmented>
	<object>
		<name>car</name>
		<pose>Unspecified</pose>
		<truncated>0</truncated>
		<difficult>0</difficult>
		<bndbox>
			<xmin>46</xmin>
			<ymin>98</ymin>
			<xmax>562</xmax>
			<ymax>357</ymax>
		</bndbox>
	</object>
</annotation>
