<annotation>
	<folder>Car-new</folder>
	<filename>car.57.jpg</filename>
	<path>F:\dataset\Car-new\car.57.jpg</path>
	<source>
		<database>Unknown</database>
	</source>
	<size>
		<width>499</width>
		<height>333</height>
		<depth>3</depth>
	</size>
	<segmented>0</segmented>
	<object>
		<name>car</name>
		<pose>Unspecified</pose>
		<truncated>0</truncated>
		<difficult>0</difficult>
		<bndbox>
			<xmin>63</xmin>
			<ymin>73</ymin>
			<xmax>411</xmax>
			<ymax>296</ymax>
		</bndbox>
	</object>
</annotation>
