<annotation>
	<folder>Car-new</folder>
	<filename>car.645.jpg</filename>
	<path>F:\dataset\Car-new\car.645.jpg</path>
	<source>
		<database>Unknown</database>
	</source>
	<size>
		<width>580</width>
		<height>549</height>
		<depth>3</depth>
	</size>
	<segmented>0</segmented>
	<object>
		<name>car</name>
		<pose>Unspecified</pose>
		<truncated>0</truncated>
		<difficult>0</difficult>
		<bndbox>
			<xmin>85</xmin>
			<ymin>225</ymin>
			<xmax>523</xmax>
			<ymax>450</ymax>
		</bndbox>
	</object>
	<object>
		<name>car</name>
		<pose>Unspecified</pose>
		<truncated>0</truncated>
		<difficult>0</difficult>
		<bndbox>
			<xmin>210</xmin>
			<ymin>26</ymin>
			<xmax>476</xmax>
			<ymax>149</ymax>
		</bndbox>
	</object>
</annotation>
