<annotation>
	<folder>Car-new</folder>
	<filename>car.43.jpg</filename>
	<path>F:\dataset\Car-new\car.43.jpg</path>
	<source>
		<database>Unknown</database>
	</source>
	<size>
		<width>500</width>
		<height>332</height>
		<depth>3</depth>
	</size>
	<segmented>0</segmented>
	<object>
		<name>car</name>
		<pose>Unspecified</pose>
		<truncated>0</truncated>
		<difficult>0</difficult>
		<bndbox>
			<xmin>258</xmin>
			<ymin>161</ymin>
			<xmax>499</xmax>
			<ymax>246</ymax>
		</bndbox>
	</object>
	<object>
		<name>car</name>
		<pose>Unspecified</pose>
		<truncated>0</truncated>
		<difficult>0</difficult>
		<bndbox>
			<xmin>2</xmin>
			<ymin>151</ymin>
			<xmax>256</xmax>
			<ymax>247</ymax>
		</bndbox>
	</object>
</annotation>
