<annotation>
	<folder>Car-new</folder>
	<filename>car.158.jpg</filename>
	<path>F:\dataset\Car-new\car.158.jpg</path>
	<source>
		<database>Unknown</database>
	</source>
	<size>
		<width>500</width>
		<height>333</height>
		<depth>3</depth>
	</size>
	<segmented>0</segmented>
	<object>
		<name>car</name>
		<pose>Unspecified</pose>
		<truncated>0</truncated>
		<difficult>0</difficult>
		<bndbox>
			<xmin>99</xmin>
			<ymin>31</ymin>
			<xmax>391</xmax>
			<ymax>305</ymax>
		</bndbox>
	</object>
</annotation>
