<annotation>
	<folder>Car-new</folder>
	<filename>car.345.jpg</filename>
	<path>F:\dataset\Car-new\car.345.jpg</path>
	<source>
		<database>Unknown</database>
	</source>
	<size>
		<width>500</width>
		<height>334</height>
		<depth>3</depth>
	</size>
	<segmented>0</segmented>
	<object>
		<name>car</name>
		<pose>Unspecified</pose>
		<truncated>0</truncated>
		<difficult>0</difficult>
		<bndbox>
			<xmin>25</xmin>
			<ymin>48</ymin>
			<xmax>494</xmax>
			<ymax>283</ymax>
		</bndbox>
	</object>
	<object>
		<name>car</name>
		<pose>Unspecified</pose>
		<truncated>0</truncated>
		<difficult>0</difficult>
		<bndbox>
			<xmin>332</xmin>
			<ymin>50</ymin>
			<xmax>499</xmax>
			<ymax>129</ymax>
		</bndbox>
	</object>
</annotation>
