<annotation>
	<folder>Car-new</folder>
	<filename>car.364.jpg</filename>
	<path>F:\dataset\Car-new\car.364.jpg</path>
	<source>
		<database>Unknown</database>
	</source>
	<size>
		<width>1600</width>
		<height>1200</height>
		<depth>3</depth>
	</size>
	<segmented>0</segmented>
	<object>
		<name>car</name>
		<pose>Unspecified</pose>
		<truncated>0</truncated>
		<difficult>0</difficult>
		<bndbox>
			<xmin>221</xmin>
			<ymin>196</ymin>
			<xmax>1456</xmax>
			<ymax>922</ymax>
		</bndbox>
	</object>
</annotation>
