<annotation>
	<folder>Car-new</folder>
	<filename>car.33.jpg</filename>
	<path>F:\dataset\Car-new\car.33.jpg</path>
	<source>
		<database>Unknown</database>
	</source>
	<size>
		<width>499</width>
		<height>333</height>
		<depth>3</depth>
	</size>
	<segmented>0</segmented>
	<object>
		<name>car</name>
		<pose>Unspecified</pose>
		<truncated>0</truncated>
		<difficult>0</difficult>
		<bndbox>
			<xmin>252</xmin>
			<ymin>95</ymin>
			<xmax>449</xmax>
			<ymax>193</ymax>
		</bndbox>
	</object>
</annotation>
