<annotation>
	<folder>Car-new</folder>
	<filename>car.664.jpg</filename>
	<path>F:\dataset\Car-new\car.664.jpg</path>
	<source>
		<database>Unknown</database>
	</source>
	<size>
		<width>499</width>
		<height>193</height>
		<depth>3</depth>
	</size>
	<segmented>0</segmented>
	<object>
		<name>car</name>
		<pose>Unspecified</pose>
		<truncated>0</truncated>
		<difficult>0</difficult>
		<bndbox>
			<xmin>22</xmin>
			<ymin>54</ymin>
			<xmax>271</xmax>
			<ymax>159</ymax>
		</bndbox>
	</object>
</annotation>
