<annotation>
	<folder>Car-new</folder>
	<filename>car.2.jpg</filename>
	<path>F:\dataset\Car-new\car.2.jpg</path>
	<source>
		<database>Unknown</database>
	</source>
	<size>
		<width>500</width>
		<height>256</height>
		<depth>3</depth>
	</size>
	<segmented>0</segmented>
	<object>
		<name>car</name>
		<pose>Unspecified</pose>
		<truncated>0</truncated>
		<difficult>0</difficult>
		<bndbox>
			<xmin>237</xmin>
			<ymin>77</ymin>
			<xmax>423</xmax>
			<ymax>147</ymax>
		</bndbox>
	</object>
</annotation>
