<annotation>
	<folder>Car-new</folder>
	<filename>car.121.jpg</filename>
	<path>F:\dataset\Car-new\car.121.jpg</path>
	<source>
		<database>Unknown</database>
	</source>
	<size>
		<width>550</width>
		<height>396</height>
		<depth>3</depth>
	</size>
	<segmented>0</segmented>
	<object>
		<name>car</name>
		<pose>Unspecified</pose>
		<truncated>0</truncated>
		<difficult>0</difficult>
		<bndbox>
			<xmin>165</xmin>
			<ymin>122</ymin>
			<xmax>330</xmax>
			<ymax>284</ymax>
		</bndbox>
	</object>
	<object>
		<name>car</name>
		<pose>Unspecified</pose>
		<truncated>0</truncated>
		<difficult>0</difficult>
		<bndbox>
			<xmin>17</xmin>
			<ymin>144</ymin>
			<xmax>126</xmax>
			<ymax>255</ymax>
		</bndbox>
	</object>
</annotation>
