<annotation>
	<folder>Car-new</folder>
	<filename>car.306.jpg</filename>
	<path>F:\dataset\Car-new\car.306.jpg</path>
	<source>
		<database>Unknown</database>
	</source>
	<size>
		<width>900</width>
		<height>675</height>
		<depth>3</depth>
	</size>
	<segmented>0</segmented>
	<object>
		<name>car</name>
		<pose>Unspecified</pose>
		<truncated>0</truncated>
		<difficult>0</difficult>
		<bndbox>
			<xmin>98</xmin>
			<ymin>202</ymin>
			<xmax>778</xmax>
			<ymax>557</ymax>
		</bndbox>
	</object>
</annotation>
