<annotation>
	<folder>Car-new</folder>
	<filename>car.125.jpg</filename>
	<path>F:\dataset\Car-new\car.125.jpg</path>
	<source>
		<database>Unknown</database>
	</source>
	<size>
		<width>499</width>
		<height>295</height>
		<depth>3</depth>
	</size>
	<segmented>0</segmented>
	<object>
		<name>car</name>
		<pose>Unspecified</pose>
		<truncated>0</truncated>
		<difficult>0</difficult>
		<bndbox>
			<xmin>87</xmin>
			<ymin>6</ymin>
			<xmax>331</xmax>
			<ymax>253</ymax>
		</bndbox>
	</object>
</annotation>
