<annotation>
	<folder>cat</folder>
	<filename>cat.141.jpg</filename>
	<path>F:\dataset\cat\cat.141.jpg</path>
	<source>
		<database>Unknown</database>
	</source>
	<size>
		<width>499</width>
		<height>333</height>
		<depth>3</depth>
	</size>
	<segmented>0</segmented>
	<object>
		<name>cat</name>
		<pose>Unspecified</pose>
		<truncated>0</truncated>
		<difficult>0</difficult>
		<bndbox>
			<xmin>137</xmin>
			<ymin>15</ymin>
			<xmax>376</xmax>
			<ymax>274</ymax>
		</bndbox>
	</object>
</annotation>
