<annotation>
	<folder>cat</folder>
	<filename>cat.3.jpg</filename>
	<path>F:\dataset\cat\cat.3.jpg</path>
	<source>
		<database>Unknown</database>
	</source>
	<size>
		<width>375</width>
		<height>500</height>
		<depth>3</depth>
	</size>
	<segmented>0</segmented>
	<object>
		<name>cat</name>
		<pose>Unspecified</pose>
		<truncated>0</truncated>
		<difficult>0</difficult>
		<bndbox>
			<xmin>82</xmin>
			<ymin>32</ymin>
			<xmax>371</xmax>
			<ymax>356</ymax>
		</bndbox>
	</object>
</annotation>
