<annotation>
	<folder>cat</folder>
	<filename>cat.11.jpg</filename>
	<path>F:\dataset\cat\cat.11.jpg</path>
	<source>
		<database>Unknown</database>
	</source>
	<size>
		<width>499</width>
		<height>357</height>
		<depth>3</depth>
	</size>
	<segmented>0</segmented>
	<object>
		<name>cat</name>
		<pose>Unspecified</pose>
		<truncated>0</truncated>
		<difficult>0</difficult>
		<bndbox>
			<xmin>259</xmin>
			<ymin>60</ymin>
			<xmax>484</xmax>
			<ymax>298</ymax>
		</bndbox>
	</object>
	<object>
		<name>cat</name>
		<pose>Unspecified</pose>
		<truncated>0</truncated>
		<difficult>0</difficult>
		<bndbox>
			<xmin>20</xmin>
			<ymin>171</ymin>
			<xmax>283</xmax>
			<ymax>322</ymax>
		</bndbox>
	</object>
</annotation>
