<annotation>
	<folder>cat</folder>
	<filename>cat.23.jpg</filename>
	<path>F:\dataset\cat\cat.23.jpg</path>
	<source>
		<database>Unknown</database>
	</source>
	<size>
		<width>332</width>
		<height>499</height>
		<depth>3</depth>
	</size>
	<segmented>0</segmented>
	<object>
		<name>cat</name>
		<pose>Unspecified</pose>
		<truncated>0</truncated>
		<difficult>0</difficult>
		<bndbox>
			<xmin>9</xmin>
			<ymin>73</ymin>
			<xmax>311</xmax>
			<ymax>486</ymax>
		</bndbox>
	</object>
</annotation>
