<annotation>
	<folder>cat</folder>
	<filename>cat.29.jpg</filename>
	<path>F:\dataset\cat\cat.29.jpg</path>
	<source>
		<database>Unknown</database>
	</source>
	<size>
		<width>375</width>
		<height>500</height>
		<depth>3</depth>
	</size>
	<segmented>0</segmented>
	<object>
		<name>cat</name>
		<pose>Unspecified</pose>
		<truncated>1</truncated>
		<difficult>0</difficult>
		<bndbox>
			<xmin>1</xmin>
			<ymin>102</ymin>
			<xmax>375</xmax>
			<ymax>494</ymax>
		</bndbox>
	</object>
</annotation>
