<annotation>
	<folder>cat</folder>
	<filename>cat.20.jpg</filename>
	<path>F:\dataset\cat\cat.20.jpg</path>
	<source>
		<database>Unknown</database>
	</source>
	<size>
		<width>500</width>
		<height>374</height>
		<depth>3</depth>
	</size>
	<segmented>0</segmented>
	<object>
		<name>cat</name>
		<pose>Unspecified</pose>
		<truncated>1</truncated>
		<difficult>0</difficult>
		<bndbox>
			<xmin>4</xmin>
			<ymin>3</ymin>
			<xmax>500</xmax>
			<ymax>303</ymax>
		</bndbox>
	</object>
</annotation>
