<annotation>
	<folder>cat</folder>
	<filename>cat.187.jpg</filename>
	<path>F:\dataset\cat\cat.187.jpg</path>
	<source>
		<database>Unknown</database>
	</source>
	<size>
		<width>700</width>
		<height>542</height>
		<depth>3</depth>
	</size>
	<segmented>0</segmented>
	<object>
		<name>cat</name>
		<pose>Unspecified</pose>
		<truncated>0</truncated>
		<difficult>0</difficult>
		<bndbox>
			<xmin>60</xmin>
			<ymin>119</ymin>
			<xmax>638</xmax>
			<ymax>446</ymax>
		</bndbox>
	</object>
</annotation>
