<annotation>
	<folder>cat</folder>
	<filename>cat.22.jpg</filename>
	<path>F:\dataset\cat\cat.22.jpg</path>
	<source>
		<database>Unknown</database>
	</source>
	<size>
		<width>500</width>
		<height>245</height>
		<depth>3</depth>
	</size>
	<segmented>0</segmented>
	<object>
		<name>cat</name>
		<pose>Unspecified</pose>
		<truncated>0</truncated>
		<difficult>0</difficult>
		<bndbox>
			<xmin>44</xmin>
			<ymin>64</ymin>
			<xmax>227</xmax>
			<ymax>235</ymax>
		</bndbox>
	</object>
</annotation>
