<annotation>
	<folder>cat</folder>
	<filename>cat.131.jpg</filename>
	<path>F:\dataset\cat\cat.131.jpg</path>
	<source>
		<database>Unknown</database>
	</source>
	<size>
		<width>500</width>
		<height>333</height>
		<depth>3</depth>
	</size>
	<segmented>0</segmented>
	<object>
		<name>cat</name>
		<pose>Unspecified</pose>
		<truncated>0</truncated>
		<difficult>0</difficult>
		<bndbox>
			<xmin>170</xmin>
			<ymin>68</ymin>
			<xmax>355</xmax>
			<ymax>250</ymax>
		</bndbox>
	</object>
</annotation>
