<annotation>
	<folder>cat</folder>
	<filename>cat.201.jpg</filename>
	<path>F:\dataset\cat\cat.201.jpg</path>
	<source>
		<database>Unknown</database>
	</source>
	<size>
		<width>357</width>
		<height>500</height>
		<depth>3</depth>
	</size>
	<segmented>0</segmented>
	<object>
		<name>cat</name>
		<pose>Unspecified</pose>
		<truncated>0</truncated>
		<difficult>0</difficult>
		<bndbox>
			<xmin>2</xmin>
			<ymin>59</ymin>
			<xmax>264</xmax>
			<ymax>470</ymax>
		</bndbox>
	</object>
</annotation>
