<annotation>
	<folder>cat</folder>
	<filename>cat.126.jpg</filename>
	<path>F:\dataset\cat\cat.126.jpg</path>
	<source>
		<database>Unknown</database>
	</source>
	<size>
		<width>650</width>
		<height>487</height>
		<depth>3</depth>
	</size>
	<segmented>0</segmented>
	<object>
		<name>cat</name>
		<pose>Unspecified</pose>
		<truncated>0</truncated>
		<difficult>0</difficult>
		<bndbox>
			<xmin>280</xmin>
			<ymin>118</ymin>
			<xmax>482</xmax>
			<ymax>400</ymax>
		</bndbox>
	</object>
	<object>
		<name>cat</name>
		<pose>Unspecified</pose>
		<truncated>0</truncated>
		<difficult>0</difficult>
		<bndbox>
			<xmin>80</xmin>
			<ymin>83</ymin>
			<xmax>303</xmax>
			<ymax>238</ymax>
		</bndbox>
	</object>
</annotation>
