<annotation>
	<folder>cat</folder>
	<filename>cat.85.jpg</filename>
	<path>F:\dataset\cat\cat.85.jpg</path>
	<source>
		<database>Unknown</database>
	</source>
	<size>
		<width>499</width>
		<height>500</height>
		<depth>3</depth>
	</size>
	<segmented>0</segmented>
	<object>
		<name>cat</name>
		<pose>Unspecified</pose>
		<truncated>1</truncated>
		<difficult>0</difficult>
		<bndbox>
			<xmin>125</xmin>
			<ymin>76</ymin>
			<xmax>415</xmax>
			<ymax>500</ymax>
		</bndbox>
	</object>
</annotation>
