<annotation>
	<folder>cat</folder>
	<filename>cat.54.jpg</filename>
	<path>F:\dataset\cat\cat.54.jpg</path>
	<source>
		<database>Unknown</database>
	</source>
	<size>
		<width>499</width>
		<height>332</height>
		<depth>3</depth>
	</size>
	<segmented>0</segmented>
	<object>
		<name>cat</name>
		<pose>Unspecified</pose>
		<truncated>0</truncated>
		<difficult>0</difficult>
		<bndbox>
			<xmin>21</xmin>
			<ymin>8</ymin>
			<xmax>447</xmax>
			<ymax>301</ymax>
		</bndbox>
	</object>
</annotation>
