<annotation>
	<folder>cat</folder>
	<filename>cat.202.jpg</filename>
	<path>F:\dataset\cat\cat.202.jpg</path>
	<source>
		<database>Unknown</database>
	</source>
	<size>
		<width>500</width>
		<height>333</height>
		<depth>3</depth>
	</size>
	<segmented>0</segmented>
	<object>
		<name>cat</name>
		<pose>Unspecified</pose>
		<truncated>1</truncated>
		<difficult>0</difficult>
		<bndbox>
			<xmin>52</xmin>
			<ymin>4</ymin>
			<xmax>341</xmax>
			<ymax>333</ymax>
		</bndbox>
	</object>
</annotation>
