<annotation>
	<folder>cat</folder>
	<filename>cat.127.jpg</filename>
	<path>F:\dataset\cat\cat.127.jpg</path>
	<source>
		<database>Unknown</database>
	</source>
	<size>
		<width>500</width>
		<height>375</height>
		<depth>3</depth>
	</size>
	<segmented>0</segmented>
	<object>
		<name>cat</name>
		<pose>Unspecified</pose>
		<truncated>1</truncated>
		<difficult>0</difficult>
		<bndbox>
			<xmin>76</xmin>
			<ymin>18</ymin>
			<xmax>500</xmax>
			<ymax>318</ymax>
		</bndbox>
	</object>
</annotation>
