<annotation>
	<folder>cat</folder>
	<filename>cat.115.jpg</filename>
	<path>F:\dataset\cat\cat.115.jpg</path>
	<source>
		<database>Unknown</database>
	</source>
	<size>
		<width>500</width>
		<height>472</height>
		<depth>3</depth>
	</size>
	<segmented>0</segmented>
	<object>
		<name>cat</name>
		<pose>Unspecified</pose>
		<truncated>0</truncated>
		<difficult>0</difficult>
		<bndbox>
			<xmin>87</xmin>
			<ymin>72</ymin>
			<xmax>286</xmax>
			<ymax>381</ymax>
		</bndbox>
	</object>
	<object>
		<name>cat</name>
		<pose>Unspecified</pose>
		<truncated>0</truncated>
		<difficult>0</difficult>
		<bndbox>
			<xmin>201</xmin>
			<ymin>219</ymin>
			<xmax>447</xmax>
			<ymax>391</ymax>
		</bndbox>
	</object>
</annotation>
