<annotation>
	<folder>cat</folder>
	<filename>cat.159.jpg</filename>
	<path>F:\dataset\cat\cat.159.jpg</path>
	<source>
		<database>Unknown</database>
	</source>
	<size>
		<width>499</width>
		<height>333</height>
		<depth>1</depth>
	</size>
	<segmented>0</segmented>
	<object>
		<name>cat</name>
		<pose>Unspecified</pose>
		<truncated>0</truncated>
		<difficult>0</difficult>
		<bndbox>
			<xmin>142</xmin>
			<ymin>5</ymin>
			<xmax>358</xmax>
			<ymax>259</ymax>
		</bndbox>
	</object>
</annotation>
