<annotation>
	<folder>cat</folder>
	<filename>cat.31.jpg</filename>
	<path>F:\dataset\cat\cat.31.jpg</path>
	<source>
		<database>Unknown</database>
	</source>
	<size>
		<width>499</width>
		<height>357</height>
		<depth>3</depth>
	</size>
	<segmented>0</segmented>
	<object>
		<name>cat</name>
		<pose>Unspecified</pose>
		<truncated>0</truncated>
		<difficult>0</difficult>
		<bndbox>
			<xmin>378</xmin>
			<ymin>58</ymin>
			<xmax>488</xmax>
			<ymax>241</ymax>
		</bndbox>
	</object>
	<object>
		<name>cat</name>
		<pose>Unspecified</pose>
		<truncated>0</truncated>
		<difficult>0</difficult>
		<bndbox>
			<xmin>6</xmin>
			<ymin>71</ymin>
			<xmax>364</xmax>
			<ymax>337</ymax>
		</bndbox>
	</object>
</annotation>
