<annotation>
	<folder>cat</folder>
	<filename>cat.181.jpg</filename>
	<path>F:\dataset\cat\cat.181.jpg</path>
	<source>
		<database>Unknown</database>
	</source>
	<size>
		<width>500</width>
		<height>393</height>
		<depth>3</depth>
	</size>
	<segmented>0</segmented>
	<object>
		<name>cat</name>
		<pose>Unspecified</pose>
		<truncated>0</truncated>
		<difficult>0</difficult>
		<bndbox>
			<xmin>130</xmin>
			<ymin>58</ymin>
			<xmax>269</xmax>
			<ymax>377</ymax>
		</bndbox>
	</object>
</annotation>
