<annotation>
	<folder>cat</folder>
	<filename>cat.30.jpg</filename>
	<path>F:\dataset\cat\cat.30.jpg</path>
	<source>
		<database>Unknown</database>
	</source>
	<size>
		<width>499</width>
		<height>356</height>
		<depth>3</depth>
	</size>
	<segmented>0</segmented>
	<object>
		<name>cat</name>
		<pose>Unspecified</pose>
		<truncated>0</truncated>
		<difficult>0</difficult>
		<bndbox>
			<xmin>73</xmin>
			<ymin>56</ymin>
			<xmax>480</xmax>
			<ymax>311</ymax>
		</bndbox>
	</object>
</annotation>
