<annotation>
	<folder>cat</folder>
	<filename>cat.19.jpg</filename>
	<path>F:\dataset\cat\cat.19.jpg</path>
	<source>
		<database>Unknown</database>
	</source>
	<size>
		<width>493</width>
		<height>500</height>
		<depth>3</depth>
	</size>
	<segmented>0</segmented>
	<object>
		<name>cat</name>
		<pose>Unspecified</pose>
		<truncated>0</truncated>
		<difficult>0</difficult>
		<bndbox>
			<xmin>14</xmin>
			<ymin>152</ymin>
			<xmax>297</xmax>
			<ymax>382</ymax>
		</bndbox>
	</object>
	<object>
		<name>cat</name>
		<pose>Unspecified</pose>
		<truncated>0</truncated>
		<difficult>0</difficult>
		<bndbox>
			<xmin>261</xmin>
			<ymin>109</ymin>
			<xmax>430</xmax>
			<ymax>313</ymax>
		</bndbox>
	</object>
</annotation>
