<annotation>
	<folder>cat</folder>
	<filename>cat.112.jpg</filename>
	<path>F:\dataset\cat\cat.112.jpg</path>
	<source>
		<database>Unknown</database>
	</source>
	<size>
		<width>499</width>
		<height>357</height>
		<depth>3</depth>
	</size>
	<segmented>0</segmented>
	<object>
		<name>cat</name>
		<pose>Unspecified</pose>
		<truncated>0</truncated>
		<difficult>0</difficult>
		<bndbox>
			<xmin>74</xmin>
			<ymin>57</ymin>
			<xmax>288</xmax>
			<ymax>210</ymax>
		</bndbox>
	</object>
</annotation>
