<annotation>
	<folder>cat</folder>
	<filename>cat.198.jpg</filename>
	<path>F:\dataset\cat\cat.198.jpg</path>
	<source>
		<database>Unknown</database>
	</source>
	<size>
		<width>333</width>
		<height>499</height>
		<depth>3</depth>
	</size>
	<segmented>0</segmented>
	<object>
		<name>cat</name>
		<pose>Unspecified</pose>
		<truncated>0</truncated>
		<difficult>0</difficult>
		<bndbox>
			<xmin>34</xmin>
			<ymin>138</ymin>
			<xmax>298</xmax>
			<ymax>450</ymax>
		</bndbox>
	</object>
</annotation>
