<annotation>
	<folder>cat</folder>
	<filename>cat.83.jpg</filename>
	<path>F:\dataset\cat\cat.83.jpg</path>
	<source>
		<database>Unknown</database>
	</source>
	<size>
		<width>495</width>
		<height>500</height>
		<depth>3</depth>
	</size>
	<segmented>0</segmented>
	<object>
		<name>cat</name>
		<pose>Unspecified</pose>
		<truncated>0</truncated>
		<difficult>0</difficult>
		<bndbox>
			<xmin>69</xmin>
			<ymin>15</ymin>
			<xmax>449</xmax>
			<ymax>468</ymax>
		</bndbox>
	</object>
</annotation>
