<annotation>
	<folder>cat</folder>
	<filename>cat.164.jpg</filename>
	<path>F:\dataset\cat\cat.164.jpg</path>
	<source>
		<database>Unknown</database>
	</source>
	<size>
		<width>500</width>
		<height>332</height>
		<depth>3</depth>
	</size>
	<segmented>0</segmented>
	<object>
		<name>cat</name>
		<pose>Unspecified</pose>
		<truncated>0</truncated>
		<difficult>0</difficult>
		<bndbox>
			<xmin>104</xmin>
			<ymin>40</ymin>
			<xmax>373</xmax>
			<ymax>278</ymax>
		</bndbox>
	</object>
</annotation>
