<annotation>
	<folder>cat</folder>
	<filename>cat.180.jpg</filename>
	<path>F:\dataset\cat\cat.180.jpg</path>
	<source>
		<database>Unknown</database>
	</source>
	<size>
		<width>332</width>
		<height>499</height>
		<depth>3</depth>
	</size>
	<segmented>0</segmented>
	<object>
		<name>cat</name>
		<pose>Unspecified</pose>
		<truncated>0</truncated>
		<difficult>0</difficult>
		<bndbox>
			<xmin>77</xmin>
			<ymin>87</ymin>
			<xmax>259</xmax>
			<ymax>446</ymax>
		</bndbox>
	</object>
</annotation>
