<annotation>
	<folder>cat</folder>
	<filename>cat.16.jpg</filename>
	<path>F:\dataset\cat\cat.16.jpg</path>
	<source>
		<database>Unknown</database>
	</source>
	<size>
		<width>499</width>
		<height>347</height>
		<depth>3</depth>
	</size>
	<segmented>0</segmented>
	<object>
		<name>cat</name>
		<pose>Unspecified</pose>
		<truncated>0</truncated>
		<difficult>0</difficult>
		<bndbox>
			<xmin>95</xmin>
			<ymin>6</ymin>
			<xmax>384</xmax>
			<ymax>345</ymax>
		</bndbox>
	</object>
</annotation>
