<annotation>
	<folder>cat</folder>
	<filename>cat.17.jpg</filename>
	<path>F:\dataset\cat\cat.17.jpg</path>
	<source>
		<database>Unknown</database>
	</source>
	<size>
		<width>263</width>
		<height>500</height>
		<depth>3</depth>
	</size>
	<segmented>0</segmented>
	<object>
		<name>cat</name>
		<pose>Unspecified</pose>
		<truncated>0</truncated>
		<difficult>0</difficult>
		<bndbox>
			<xmin>23</xmin>
			<ymin>53</ymin>
			<xmax>189</xmax>
			<ymax>370</ymax>
		</bndbox>
	</object>
</annotation>
