<annotation>
	<folder>cat</folder>
	<filename>cat.88.jpg</filename>
	<path>F:\dataset\cat\cat.88.jpg</path>
	<source>
		<database>Unknown</database>
	</source>
	<size>
		<width>500</width>
		<height>494</height>
		<depth>3</depth>
	</size>
	<segmented>0</segmented>
	<object>
		<name>cat</name>
		<pose>Unspecified</pose>
		<truncated>1</truncated>
		<difficult>0</difficult>
		<bndbox>
			<xmin>3</xmin>
			<ymin>59</ymin>
			<xmax>349</xmax>
			<ymax>494</ymax>
		</bndbox>
	</object>
</annotation>
