<annotation>
	<folder>cat</folder>
	<filename>cat.132.jpg</filename>
	<path>F:\dataset\cat\cat.132.jpg</path>
	<source>
		<database>Unknown</database>
	</source>
	<size>
		<width>500</width>
		<height>499</height>
		<depth>3</depth>
	</size>
	<segmented>0</segmented>
	<object>
		<name>cat</name>
		<pose>Unspecified</pose>
		<truncated>0</truncated>
		<difficult>0</difficult>
		<bndbox>
			<xmin>35</xmin>
			<ymin>29</ymin>
			<xmax>383</xmax>
			<ymax>470</ymax>
		</bndbox>
	</object>
</annotation>
