<annotation>
	<folder>cat</folder>
	<filename>cat.10.jpg</filename>
	<path>F:\dataset\cat\cat.10.jpg</path>
	<source>
		<database>Unknown</database>
	</source>
	<size>
		<width>500</width>
		<height>497</height>
		<depth>3</depth>
	</size>
	<segmented>0</segmented>
	<object>
		<name>cat</name>
		<pose>Unspecified</pose>
		<truncated>0</truncated>
		<difficult>0</difficult>
		<bndbox>
			<xmin>118</xmin>
			<ymin>10</ymin>
			<xmax>483</xmax>
			<ymax>432</ymax>
		</bndbox>
	</object>
</annotation>
