<annotation>
	<folder>cat</folder>
	<filename>cat.68.jpg</filename>
	<path>F:\dataset\cat\cat.68.jpg</path>
	<source>
		<database>Unknown</database>
	</source>
	<size>
		<width>500</width>
		<height>428</height>
		<depth>3</depth>
	</size>
	<segmented>0</segmented>
	<object>
		<name>cat</name>
		<pose>Unspecified</pose>
		<truncated>0</truncated>
		<difficult>0</difficult>
		<bndbox>
			<xmin>113</xmin>
			<ymin>18</ymin>
			<xmax>447</xmax>
			<ymax>405</ymax>
		</bndbox>
	</object>
</annotation>
