<annotation>
	<folder>cat</folder>
	<filename>cat.73.jpg</filename>
	<path>F:\dataset\cat\cat.73.jpg</path>
	<source>
		<database>Unknown</database>
	</source>
	<size>
		<width>499</width>
		<height>499</height>
		<depth>3</depth>
	</size>
	<segmented>0</segmented>
	<object>
		<name>cat</name>
		<pose>Unspecified</pose>
		<truncated>1</truncated>
		<difficult>0</difficult>
		<bndbox>
			<xmin>22</xmin>
			<ymin>5</ymin>
			<xmax>489</xmax>
			<ymax>499</ymax>
		</bndbox>
	</object>
</annotation>
