<annotation>
	<folder>cat</folder>
	<filename>cat.99.jpg</filename>
	<path>F:\dataset\cat\cat.99.jpg</path>
	<source>
		<database>Unknown</database>
	</source>
	<size>
		<width>499</width>
		<height>499</height>
		<depth>3</depth>
	</size>
	<segmented>0</segmented>
	<object>
		<name>cat</name>
		<pose>Unspecified</pose>
		<truncated>0</truncated>
		<difficult>0</difficult>
		<bndbox>
			<xmin>7</xmin>
			<ymin>20</ymin>
			<xmax>408</xmax>
			<ymax>470</ymax>
		</bndbox>
	</object>
</annotation>
