<annotation>
	<folder>cat</folder>
	<filename>cat.81.jpg</filename>
	<path>F:\dataset\cat\cat.81.jpg</path>
	<source>
		<database>Unknown</database>
	</source>
	<size>
		<width>497</width>
		<height>500</height>
		<depth>3</depth>
	</size>
	<segmented>0</segmented>
	<object>
		<name>cat</name>
		<pose>Unspecified</pose>
		<truncated>0</truncated>
		<difficult>0</difficult>
		<bndbox>
			<xmin>32</xmin>
			<ymin>112</ymin>
			<xmax>391</xmax>
			<ymax>462</ymax>
		</bndbox>
	</object>
</annotation>
