<annotation>
	<folder>cat</folder>
	<filename>cat.154.jpg</filename>
	<path>F:\dataset\cat\cat.154.jpg</path>
	<source>
		<database>Unknown</database>
	</source>
	<size>
		<width>333</width>
		<height>499</height>
		<depth>3</depth>
	</size>
	<segmented>0</segmented>
	<object>
		<name>cat</name>
		<pose>Unspecified</pose>
		<truncated>0</truncated>
		<difficult>0</difficult>
		<bndbox>
			<xmin>25</xmin>
			<ymin>46</ymin>
			<xmax>325</xmax>
			<ymax>408</ymax>
		</bndbox>
	</object>
</annotation>
