<annotation>
	<folder>cat</folder>
	<filename>cat.173.jpg</filename>
	<path>F:\dataset\cat\cat.173.jpg</path>
	<source>
		<database>Unknown</database>
	</source>
	<size>
		<width>500</width>
		<height>375</height>
		<depth>3</depth>
	</size>
	<segmented>0</segmented>
	<object>
		<name>cat</name>
		<pose>Unspecified</pose>
		<truncated>0</truncated>
		<difficult>0</difficult>
		<bndbox>
			<xmin>145</xmin>
			<ymin>30</ymin>
			<xmax>450</xmax>
			<ymax>147</ymax>
		</bndbox>
	</object>
	<object>
		<name>cat</name>
		<pose>Unspecified</pose>
		<truncated>0</truncated>
		<difficult>0</difficult>
		<bndbox>
			<xmin>69</xmin>
			<ymin>127</ymin>
			<xmax>428</xmax>
			<ymax>293</ymax>
		</bndbox>
	</object>
</annotation>
