<annotation>
	<folder>cat</folder>
	<filename>cat.216.jpg</filename>
	<path>F:\dataset\cat\cat.216.jpg</path>
	<source>
		<database>Unknown</database>
	</source>
	<size>
		<width>500</width>
		<height>377</height>
		<depth>3</depth>
	</size>
	<segmented>0</segmented>
	<object>
		<name>cat</name>
		<pose>Unspecified</pose>
		<truncated>0</truncated>
		<difficult>0</difficult>
		<bndbox>
			<xmin>126</xmin>
			<ymin>19</ymin>
			<xmax>396</xmax>
			<ymax>285</ymax>
		</bndbox>
	</object>
</annotation>
