<annotation>
	<folder>cat</folder>
	<filename>cat.124.jpg</filename>
	<path>F:\dataset\cat\cat.124.jpg</path>
	<source>
		<database>Unknown</database>
	</source>
	<size>
		<width>496</width>
		<height>500</height>
		<depth>3</depth>
	</size>
	<segmented>0</segmented>
	<object>
		<name>cat</name>
		<pose>Unspecified</pose>
		<truncated>0</truncated>
		<difficult>0</difficult>
		<bndbox>
			<xmin>63</xmin>
			<ymin>7</ymin>
			<xmax>373</xmax>
			<ymax>457</ymax>
		</bndbox>
	</object>
</annotation>
