<annotation>
	<folder>cat</folder>
	<filename>cat.8.jpg</filename>
	<path>F:\dataset\cat\cat.8.jpg</path>
	<source>
		<database>Unknown</database>
	</source>
	<size>
		<width>500</width>
		<height>375</height>
		<depth>3</depth>
	</size>
	<segmented>0</segmented>
	<object>
		<name>cat</name>
		<pose>Unspecified</pose>
		<truncated>0</truncated>
		<difficult>0</difficult>
		<bndbox>
			<xmin>154</xmin>
			<ymin>23</ymin>
			<xmax>287</xmax>
			<ymax>184</ymax>
		</bndbox>
	</object>
</annotation>
