<annotation>
	<folder>cat</folder>
	<filename>cat.220.jpg</filename>
	<path>F:\dataset\cat\cat.220.jpg</path>
	<source>
		<database>Unknown</database>
	</source>
	<size>
		<width>500</width>
		<height>375</height>
		<depth>3</depth>
	</size>
	<segmented>0</segmented>
	<object>
		<name>cat</name>
		<pose>Unspecified</pose>
		<truncated>0</truncated>
		<difficult>0</difficult>
		<bndbox>
			<xmin>114</xmin>
			<ymin>97</ymin>
			<xmax>297</xmax>
			<ymax>271</ymax>
		</bndbox>
	</object>
</annotation>
