<annotation>
	<folder>cat</folder>
	<filename>cat.104.jpg</filename>
	<path>F:\dataset\cat\cat.104.jpg</path>
	<source>
		<database>Unknown</database>
	</source>
	<size>
		<width>500</width>
		<height>466</height>
		<depth>3</depth>
	</size>
	<segmented>0</segmented>
	<object>
		<name>cat</name>
		<pose>Unspecified</pose>
		<truncated>1</truncated>
		<difficult>0</difficult>
		<bndbox>
			<xmin>82</xmin>
			<ymin>15</ymin>
			<xmax>451</xmax>
			<ymax>466</ymax>
		</bndbox>
	</object>
</annotation>
