<annotation>
	<folder>cycle</folder>
	<filename>cycle.102.jpg</filename>
	<path>F:\dataset\cycle\cycle.102.jpg</path>
	<source>
		<database>Unknown</database>
	</source>
	<size>
		<width>500</width>
		<height>375</height>
		<depth>3</depth>
	</size>
	<segmented>0</segmented>
	<object>
		<name>cycle</name>
		<pose>Unspecified</pose>
		<truncated>0</truncated>
		<difficult>0</difficult>
		<bndbox>
			<xmin>234</xmin>
			<ymin>222</ymin>
			<xmax>323</xmax>
			<ymax>351</ymax>
		</bndbox>
	</object>
	<object>
		<name>cycle</name>
		<pose>Unspecified</pose>
		<truncated>0</truncated>
		<difficult>0</difficult>
		<bndbox>
			<xmin>177</xmin>
			<ymin>218</ymin>
			<xmax>236</xmax>
			<ymax>315</ymax>
		</bndbox>
	</object>
	<object>
		<name>cycle</name>
		<pose>Unspecified</pose>
		<truncated>0</truncated>
		<difficult>0</difficult>
		<bndbox>
			<xmin>127</xmin>
			<ymin>215</ymin>
			<xmax>161</xmax>
			<ymax>276</ymax>
		</bndbox>
	</object>
</annotation>
