<annotation>
	<folder>cycle</folder>
	<filename>cycle.125.jpg</filename>
	<path>F:\dataset\cycle\cycle.125.jpg</path>
	<source>
		<database>Unknown</database>
	</source>
	<size>
		<width>499</width>
		<height>333</height>
		<depth>3</depth>
	</size>
	<segmented>0</segmented>
	<object>
		<name>cycle</name>
		<pose>Unspecified</pose>
		<truncated>0</truncated>
		<difficult>0</difficult>
		<bndbox>
			<xmin>51</xmin>
			<ymin>171</ymin>
			<xmax>282</xmax>
			<ymax>322</ymax>
		</bndbox>
	</object>
	<object>
		<name>cycle</name>
		<pose>Unspecified</pose>
		<truncated>0</truncated>
		<difficult>0</difficult>
		<bndbox>
			<xmin>249</xmin>
			<ymin>161</ymin>
			<xmax>395</xmax>
			<ymax>317</ymax>
		</bndbox>
	</object>
</annotation>
