<annotation>
	<folder>cycle</folder>
	<filename>cycle.38.jpg</filename>
	<path>F:\dataset\cycle\cycle.38.jpg</path>
	<source>
		<database>Unknown</database>
	</source>
	<size>
		<width>650</width>
		<height>650</height>
		<depth>3</depth>
	</size>
	<segmented>0</segmented>
	<object>
		<name>cycle</name>
		<pose>Unspecified</pose>
		<truncated>0</truncated>
		<difficult>0</difficult>
		<bndbox>
			<xmin>7</xmin>
			<ymin>117</ymin>
			<xmax>649</xmax>
			<ymax>546</ymax>
		</bndbox>
	</object>
</annotation>
