<annotation>
	<folder>cycle</folder>
	<filename>cycle.33.jpg</filename>
	<path>F:\dataset\cycle\cycle.33.jpg</path>
	<source>
		<database>Unknown</database>
	</source>
	<size>
		<width>500</width>
		<height>313</height>
		<depth>3</depth>
	</size>
	<segmented>0</segmented>
	<object>
		<name>cycle</name>
		<pose>Unspecified</pose>
		<truncated>0</truncated>
		<difficult>0</difficult>
		<bndbox>
			<xmin>44</xmin>
			<ymin>100</ymin>
			<xmax>242</xmax>
			<ymax>283</ymax>
		</bndbox>
	</object>
</annotation>
