<annotation>
	<folder>cycle</folder>
	<filename>cycle.91.jpg</filename>
	<path>F:\dataset\cycle\cycle.91.jpg</path>
	<source>
		<database>Unknown</database>
	</source>
	<size>
		<width>375</width>
		<height>500</height>
		<depth>3</depth>
	</size>
	<segmented>0</segmented>
	<object>
		<name>cycle</name>
		<pose>Unspecified</pose>
		<truncated>0</truncated>
		<difficult>0</difficult>
		<bndbox>
			<xmin>245</xmin>
			<ymin>208</ymin>
			<xmax>307</xmax>
			<ymax>292</ymax>
		</bndbox>
	</object>
</annotation>
