<annotation>
	<folder>cycle</folder>
	<filename>cycle.58.jpg</filename>
	<path>F:\dataset\cycle\cycle.58.jpg</path>
	<source>
		<database>Unknown</database>
	</source>
	<size>
		<width>0</width>
		<height>0</height>
		<depth>3</depth>
	</size>
	<segmented>0</segmented>
	<object>
		<name>cycle</name>
		<pose>Unspecified</pose>
		<truncated>0</truncated>
		<difficult>0</difficult>
		<bndbox>
			<xmin>123</xmin>
			<ymin>159</ymin>
			<xmax>292</xmax>
			<ymax>278</ymax>
		</bndbox>
	</object>
	<object>
		<name>cycle</name>
		<pose>Unspecified</pose>
		<truncated>0</truncated>
		<difficult>0</difficult>
		<bndbox>
			<xmin>252</xmin>
			<ymin>162</ymin>
			<xmax>431</xmax>
			<ymax>313</ymax>
		</bndbox>
	</object>
</annotation>
