<annotation>
	<folder>cycle</folder>
	<filename>cycle.100.jpg</filename>
	<path>F:\dataset\cycle\cycle.100.jpg</path>
	<source>
		<database>Unknown</database>
	</source>
	<size>
		<width>319</width>
		<height>480</height>
		<depth>3</depth>
	</size>
	<segmented>0</segmented>
	<object>
		<name>cycle</name>
		<pose>Unspecified</pose>
		<truncated>0</truncated>
		<difficult>0</difficult>
		<bndbox>
			<xmin>228</xmin>
			<ymin>278</ymin>
			<xmax>306</xmax>
			<ymax>445</ymax>
		</bndbox>
	</object>
	<object>
		<name>cycle</name>
		<pose>Unspecified</pose>
		<truncated>0</truncated>
		<difficult>0</difficult>
		<bndbox>
			<xmin>138</xmin>
			<ymin>211</ymin>
			<xmax>174</xmax>
			<ymax>359</ymax>
		</bndbox>
	</object>
	<object>
		<name>cycle</name>
		<pose>Unspecified</pose>
		<truncated>0</truncated>
		<difficult>0</difficult>
		<bndbox>
			<xmin>14</xmin>
			<ymin>177</ymin>
			<xmax>71</xmax>
			<ymax>251</ymax>
		</bndbox>
	</object>
</annotation>
