<annotation>
	<folder>cycle</folder>
	<filename>cycle.69.jpg</filename>
	<path>F:\dataset\cycle\cycle.69.jpg</path>
	<source>
		<database>Unknown</database>
	</source>
	<size>
		<width>500</width>
		<height>375</height>
		<depth>3</depth>
	</size>
	<segmented>0</segmented>
	<object>
		<name>cycle</name>
		<pose>Unspecified</pose>
		<truncated>0</truncated>
		<difficult>0</difficult>
		<bndbox>
			<xmin>335</xmin>
			<ymin>221</ymin>
			<xmax>398</xmax>
			<ymax>302</ymax>
		</bndbox>
	</object>
	<object>
		<name>cycle</name>
		<pose>Unspecified</pose>
		<truncated>0</truncated>
		<difficult>0</difficult>
		<bndbox>
			<xmin>246</xmin>
			<ymin>250</ymin>
			<xmax>339</xmax>
			<ymax>373</ymax>
		</bndbox>
	</object>
</annotation>
