<annotation>
	<folder>cycle</folder>
	<filename>cycle.15.jpg</filename>
	<path>F:\dataset\cycle\cycle.15.jpg</path>
	<source>
		<database>Unknown</database>
	</source>
	<size>
		<width>480</width>
		<height>319</height>
		<depth>3</depth>
	</size>
	<segmented>0</segmented>
	<object>
		<name>cycle</name>
		<pose>Unspecified</pose>
		<truncated>0</truncated>
		<difficult>0</difficult>
		<bndbox>
			<xmin>2</xmin>
			<ymin>60</ymin>
			<xmax>212</xmax>
			<ymax>241</ymax>
		</bndbox>
	</object>
</annotation>
