<annotation>
	<folder>cycle</folder>
	<filename>cycle.119.jpg</filename>
	<path>F:\dataset\cycle\cycle.119.jpg</path>
	<source>
		<database>Unknown</database>
	</source>
	<size>
		<width>500</width>
		<height>375</height>
		<depth>3</depth>
	</size>
	<segmented>0</segmented>
	<object>
		<name>cycle</name>
		<pose>Unspecified</pose>
		<truncated>1</truncated>
		<difficult>0</difficult>
		<bndbox>
			<xmin>50</xmin>
			<ymin>164</ymin>
			<xmax>183</xmax>
			<ymax>375</ymax>
		</bndbox>
	</object>
</annotation>
