<annotation>
	<folder>cycle</folder>
	<filename>cycle.39.jpg</filename>
	<path>F:\dataset\cycle\cycle.39.jpg</path>
	<source>
		<database>Unknown</database>
	</source>
	<size>
		<width>500</width>
		<height>300</height>
		<depth>3</depth>
	</size>
	<segmented>0</segmented>
	<object>
		<name>cycle</name>
		<pose>Unspecified</pose>
		<truncated>0</truncated>
		<difficult>0</difficult>
		<bndbox>
			<xmin>370</xmin>
			<ymin>85</ymin>
			<xmax>411</xmax>
			<ymax>162</ymax>
		</bndbox>
	</object>
	<object>
		<name>cycle</name>
		<pose>Unspecified</pose>
		<truncated>0</truncated>
		<difficult>0</difficult>
		<bndbox>
			<xmin>309</xmin>
			<ymin>90</ymin>
			<xmax>331</xmax>
			<ymax>117</ymax>
		</bndbox>
	</object>
</annotation>
