<annotation>
	<folder>cycle</folder>
	<filename>cycle.53.jpg</filename>
	<path>F:\dataset\cycle\cycle.53.jpg</path>
	<source>
		<database>Unknown</database>
	</source>
	<size>
		<width>499</width>
		<height>333</height>
		<depth>3</depth>
	</size>
	<segmented>0</segmented>
	<object>
		<name>cycle</name>
		<pose>Unspecified</pose>
		<truncated>1</truncated>
		<difficult>0</difficult>
		<bndbox>
			<xmin>89</xmin>
			<ymin>99</ymin>
			<xmax>472</xmax>
			<ymax>333</ymax>
		</bndbox>
	</object>
</annotation>
