<annotation>
	<folder>cycle</folder>
	<filename>cycle.63.jpg</filename>
	<path>F:\dataset\cycle\cycle.63.jpg</path>
	<source>
		<database>Unknown</database>
	</source>
	<size>
		<width>1280</width>
		<height>960</height>
		<depth>3</depth>
	</size>
	<segmented>0</segmented>
	<object>
		<name>cycle</name>
		<pose>Unspecified</pose>
		<truncated>0</truncated>
		<difficult>0</difficult>
		<bndbox>
			<xmin>184</xmin>
			<ymin>402</ymin>
			<xmax>965</xmax>
			<ymax>765</ymax>
		</bndbox>
	</object>
</annotation>
