<annotation>
	<folder>cycle</folder>
	<filename>cycle.18.jpg</filename>
	<path>F:\dataset\cycle\cycle.18.jpg</path>
	<source>
		<database>Unknown</database>
	</source>
	<size>
		<width>800</width>
		<height>600</height>
		<depth>3</depth>
	</size>
	<segmented>0</segmented>
	<object>
		<name>cycle</name>
		<pose>Unspecified</pose>
		<truncated>1</truncated>
		<difficult>0</difficult>
		<bndbox>
			<xmin>245</xmin>
			<ymin>118</ymin>
			<xmax>660</xmax>
			<ymax>600</ymax>
		</bndbox>
	</object>
</annotation>
