<annotation>
	<folder>cycle</folder>
	<filename>cycle.104.jpg</filename>
	<path>F:\dataset\cycle\cycle.104.jpg</path>
	<source>
		<database>Unknown</database>
	</source>
	<size>
		<width>500</width>
		<height>332</height>
		<depth>3</depth>
	</size>
	<segmented>0</segmented>
	<object>
		<name>cycle</name>
		<pose>Unspecified</pose>
		<truncated>0</truncated>
		<difficult>0</difficult>
		<bndbox>
			<xmin>362</xmin>
			<ymin>98</ymin>
			<xmax>417</xmax>
			<ymax>153</ymax>
		</bndbox>
	</object>
	<object>
		<name>cycle</name>
		<pose>Unspecified</pose>
		<truncated>0</truncated>
		<difficult>0</difficult>
		<bndbox>
			<xmin>334</xmin>
			<ymin>91</ymin>
			<xmax>353</xmax>
			<ymax>141</ymax>
		</bndbox>
	</object>
	<object>
		<name>cycle</name>
		<pose>Unspecified</pose>
		<truncated>0</truncated>
		<difficult>0</difficult>
		<bndbox>
			<xmin>260</xmin>
			<ymin>120</ymin>
			<xmax>328</xmax>
			<ymax>171</ymax>
		</bndbox>
	</object>
</annotation>
