<annotation>
	<folder>cycle</folder>
	<filename>cycle.116.jpg</filename>
	<path>F:\dataset\cycle\cycle.116.jpg</path>
	<source>
		<database>Unknown</database>
	</source>
	<size>
		<width>293</width>
		<height>207</height>
		<depth>3</depth>
	</size>
	<segmented>0</segmented>
	<object>
		<name>cycle</name>
		<pose>Unspecified</pose>
		<truncated>0</truncated>
		<difficult>0</difficult>
		<bndbox>
			<xmin>106</xmin>
			<ymin>39</ymin>
			<xmax>193</xmax>
			<ymax>92</ymax>
		</bndbox>
	</object>
</annotation>
