<annotation>
	<folder>cycle</folder>
	<filename>cycle.14.jpg</filename>
	<path>F:\dataset\cycle\cycle.14.jpg</path>
	<source>
		<database>Unknown</database>
	</source>
	<size>
		<width>475</width>
		<height>710</height>
		<depth>3</depth>
	</size>
	<segmented>0</segmented>
	<object>
		<name>cycle</name>
		<pose>Unspecified</pose>
		<truncated>0</truncated>
		<difficult>0</difficult>
		<bndbox>
			<xmin>53</xmin>
			<ymin>327</ymin>
			<xmax>441</xmax>
			<ymax>638</ymax>
		</bndbox>
	</object>
</annotation>
