<annotation>
	<folder>cycle</folder>
	<filename>cycle.68.jpg</filename>
	<path>F:\dataset\cycle\cycle.68.jpg</path>
	<source>
		<database>Unknown</database>
	</source>
	<size>
		<width>500</width>
		<height>375</height>
		<depth>3</depth>
	</size>
	<segmented>0</segmented>
	<object>
		<name>cycle</name>
		<pose>Unspecified</pose>
		<truncated>0</truncated>
		<difficult>0</difficult>
		<bndbox>
			<xmin>147</xmin>
			<ymin>247</ymin>
			<xmax>177</xmax>
			<ymax>305</ymax>
		</bndbox>
	</object>
	<object>
		<name>cycle</name>
		<pose>Unspecified</pose>
		<truncated>0</truncated>
		<difficult>0</difficult>
		<bndbox>
			<xmin>116</xmin>
			<ymin>241</ymin>
			<xmax>139</xmax>
			<ymax>285</ymax>
		</bndbox>
	</object>
</annotation>
