<annotation>
	<folder>cycle</folder>
	<filename>cycle.10.jpg</filename>
	<path>F:\dataset\cycle\cycle.10.jpg</path>
	<source>
		<database>Unknown</database>
	</source>
	<size>
		<width>499</width>
		<height>333</height>
		<depth>3</depth>
	</size>
	<segmented>0</segmented>
	<object>
		<name>cycle</name>
		<pose>Unspecified</pose>
		<truncated>0</truncated>
		<difficult>0</difficult>
		<bndbox>
			<xmin>152</xmin>
			<ymin>165</ymin>
			<xmax>251</xmax>
			<ymax>251</ymax>
		</bndbox>
	</object>
</annotation>
