<annotation>
	<folder>cycle</folder>
	<filename>cycle.16.jpg</filename>
	<path>F:\dataset\cycle\cycle.16.jpg</path>
	<source>
		<database>Unknown</database>
	</source>
	<size>
		<width>500</width>
		<height>375</height>
		<depth>3</depth>
	</size>
	<segmented>0</segmented>
	<object>
		<name>cycle</name>
		<pose>Unspecified</pose>
		<truncated>0</truncated>
		<difficult>0</difficult>
		<bndbox>
			<xmin>155</xmin>
			<ymin>158</ymin>
			<xmax>268</xmax>
			<ymax>362</ymax>
		</bndbox>
	</object>
	<object>
		<name>cycle</name>
		<pose>Unspecified</pose>
		<truncated>0</truncated>
		<difficult>0</difficult>
		<bndbox>
			<xmin>379</xmin>
			<ymin>146</ymin>
			<xmax>496</xmax>
			<ymax>343</ymax>
		</bndbox>
	</object>
	<object>
		<name>cycle</name>
		<pose>Unspecified</pose>
		<truncated>0</truncated>
		<difficult>0</difficult>
		<bndbox>
			<xmin>116</xmin>
			<ymin>129</ymin>
			<xmax>137</xmax>
			<ymax>209</ymax>
		</bndbox>
	</object>
</annotation>
