<annotation>
	<folder>cycle</folder>
	<filename>cycle.87.jpg</filename>
	<path>F:\dataset\cycle\cycle.87.jpg</path>
	<source>
		<database>Unknown</database>
	</source>
	<size>
		<width>500</width>
		<height>341</height>
		<depth>3</depth>
	</size>
	<segmented>0</segmented>
	<object>
		<name>cycle</name>
		<pose>Unspecified</pose>
		<truncated>0</truncated>
		<difficult>0</difficult>
		<bndbox>
			<xmin>99</xmin>
			<ymin>122</ymin>
			<xmax>265</xmax>
			<ymax>269</ymax>
		</bndbox>
	</object>
</annotation>
