<annotation>
	<folder>cycle</folder>
	<filename>cycle.121.jpg</filename>
	<path>F:\dataset\cycle\cycle.121.jpg</path>
	<source>
		<database>Unknown</database>
	</source>
	<size>
		<width>334</width>
		<height>500</height>
		<depth>3</depth>
	</size>
	<segmented>0</segmented>
	<object>
		<name>cycle</name>
		<pose>Unspecified</pose>
		<truncated>0</truncated>
		<difficult>0</difficult>
		<bndbox>
			<xmin>67</xmin>
			<ymin>214</ymin>
			<xmax>275</xmax>
			<ymax>392</ymax>
		</bndbox>
	</object>
</annotation>
