<annotation>
	<folder>cycle</folder>
	<filename>cycle.43.jpg</filename>
	<path>F:\dataset\cycle\cycle.43.jpg</path>
	<source>
		<database>Unknown</database>
	</source>
	<size>
		<width>342</width>
		<height>500</height>
		<depth>3</depth>
	</size>
	<segmented>0</segmented>
	<object>
		<name>cycle</name>
		<pose>Unspecified</pose>
		<truncated>0</truncated>
		<difficult>0</difficult>
		<bndbox>
			<xmin>112</xmin>
			<ymin>189</ymin>
			<xmax>183</xmax>
			<ymax>301</ymax>
		</bndbox>
	</object>
</annotation>
