<annotation>
	<folder>dog</folder>
	<filename>dog.170.jpg</filename>
	<path>F:\dataset\dog\dog.170.jpg</path>
	<source>
		<database>Unknown</database>
	</source>
	<size>
		<width>500</width>
		<height>375</height>
		<depth>3</depth>
	</size>
	<segmented>0</segmented>
	<object>
		<name>dog</name>
		<pose>Unspecified</pose>
		<truncated>0</truncated>
		<difficult>0</difficult>
		<bndbox>
			<xmin>106</xmin>
			<ymin>241</ymin>
			<xmax>250</xmax>
			<ymax>337</ymax>
		</bndbox>
	</object>
	<object>
		<name>dog</name>
		<pose>Unspecified</pose>
		<truncated>0</truncated>
		<difficult>0</difficult>
		<bndbox>
			<xmin>62</xmin>
			<ymin>196</ymin>
			<xmax>207</xmax>
			<ymax>247</ymax>
		</bndbox>
	</object>
</annotation>
