<annotation>
	<folder>dog</folder>
	<filename>dog.239.jpg</filename>
	<path>F:\dataset\dog\dog.239.jpg</path>
	<source>
		<database>Unknown</database>
	</source>
	<size>
		<width>500</width>
		<height>474</height>
		<depth>3</depth>
	</size>
	<segmented>0</segmented>
	<object>
		<name>dog</name>
		<pose>Unspecified</pose>
		<truncated>0</truncated>
		<difficult>0</difficult>
		<bndbox>
			<xmin>7</xmin>
			<ymin>2</ymin>
			<xmax>189</xmax>
			<ymax>456</ymax>
		</bndbox>
	</object>
	<object>
		<name>dog</name>
		<pose>Unspecified</pose>
		<truncated>0</truncated>
		<difficult>0</difficult>
		<bndbox>
			<xmin>193</xmin>
			<ymin>99</ymin>
			<xmax>493</xmax>
			<ymax>459</ymax>
		</bndbox>
	</object>
</annotation>
