<annotation>
	<folder>dog</folder>
	<filename>dog.178.jpg</filename>
	<path>F:\dataset\dog\dog.178.jpg</path>
	<source>
		<database>Unknown</database>
	</source>
	<size>
		<width>500</width>
		<height>362</height>
		<depth>3</depth>
	</size>
	<segmented>0</segmented>
	<object>
		<name>dog</name>
		<pose>Unspecified</pose>
		<truncated>0</truncated>
		<difficult>0</difficult>
		<bndbox>
			<xmin>90</xmin>
			<ymin>118</ymin>
			<xmax>427</xmax>
			<ymax>300</ymax>
		</bndbox>
	</object>
</annotation>
