<annotation>
	<folder>dog</folder>
	<filename>dog.177.jpg</filename>
	<path>F:\dataset\dog\dog.177.jpg</path>
	<source>
		<database>Unknown</database>
	</source>
	<size>
		<width>500</width>
		<height>333</height>
		<depth>3</depth>
	</size>
	<segmented>0</segmented>
	<object>
		<name>dog</name>
		<pose>Unspecified</pose>
		<truncated>0</truncated>
		<difficult>0</difficult>
		<bndbox>
			<xmin>90</xmin>
			<ymin>48</ymin>
			<xmax>426</xmax>
			<ymax>298</ymax>
		</bndbox>
	</object>
</annotation>
