<annotation>
	<folder>dog</folder>
	<filename>dog.229.jpg</filename>
	<path>F:\dataset\dog\dog.229.jpg</path>
	<source>
		<database>Unknown</database>
	</source>
	<size>
		<width>500</width>
		<height>314</height>
		<depth>3</depth>
	</size>
	<segmented>0</segmented>
	<object>
		<name>dog</name>
		<pose>Unspecified</pose>
		<truncated>0</truncated>
		<difficult>0</difficult>
		<bndbox>
			<xmin>245</xmin>
			<ymin>159</ymin>
			<xmax>348</xmax>
			<ymax>224</ymax>
		</bndbox>
	</object>
	<object>
		<name>dog</name>
		<pose>Unspecified</pose>
		<truncated>0</truncated>
		<difficult>0</difficult>
		<bndbox>
			<xmin>72</xmin>
			<ymin>167</ymin>
			<xmax>236</xmax>
			<ymax>265</ymax>
		</bndbox>
	</object>
</annotation>
