<annotation>
	<folder>dog</folder>
	<filename>dog.158.jpg</filename>
	<path>F:\dataset\dog\dog.158.jpg</path>
	<source>
		<database>Unknown</database>
	</source>
	<size>
		<width>499</width>
		<height>258</height>
		<depth>3</depth>
	</size>
	<segmented>0</segmented>
	<object>
		<name>dog</name>
		<pose>Unspecified</pose>
		<truncated>0</truncated>
		<difficult>0</difficult>
		<bndbox>
			<xmin>29</xmin>
			<ymin>32</ymin>
			<xmax>338</xmax>
			<ymax>244</ymax>
		</bndbox>
	</object>
	<object>
		<name>dog</name>
		<pose>Unspecified</pose>
		<truncated>0</truncated>
		<difficult>0</difficult>
		<bndbox>
			<xmin>347</xmin>
			<ymin>25</ymin>
			<xmax>481</xmax>
			<ymax>224</ymax>
		</bndbox>
	</object>
</annotation>
