<annotation>
	<folder>dog</folder>
	<filename>dog.233.jpg</filename>
	<path>F:\dataset\dog\dog.233.jpg</path>
	<source>
		<database>Unknown</database>
	</source>
	<size>
		<width>333</width>
		<height>500</height>
		<depth>3</depth>
	</size>
	<segmented>0</segmented>
	<object>
		<name>dog</name>
		<pose>Unspecified</pose>
		<truncated>0</truncated>
		<difficult>0</difficult>
		<bndbox>
			<xmin>30</xmin>
			<ymin>19</ymin>
			<xmax>319</xmax>
			<ymax>498</ymax>
		</bndbox>
	</object>
</annotation>
