<annotation>
	<folder>dog</folder>
	<filename>dog.157.jpg</filename>
	<path>F:\dataset\dog\dog.157.jpg</path>
	<source>
		<database>Unknown</database>
	</source>
	<size>
		<width>500</width>
		<height>375</height>
		<depth>3</depth>
	</size>
	<segmented>0</segmented>
	<object>
		<name>dog</name>
		<pose>Unspecified</pose>
		<truncated>0</truncated>
		<difficult>0</difficult>
		<bndbox>
			<xmin>119</xmin>
			<ymin>159</ymin>
			<xmax>193</xmax>
			<ymax>280</ymax>
		</bndbox>
	</object>
	<object>
		<name>dog</name>
		<pose>Unspecified</pose>
		<truncated>0</truncated>
		<difficult>0</difficult>
		<bndbox>
			<xmin>188</xmin>
			<ymin>207</ymin>
			<xmax>246</xmax>
			<ymax>301</ymax>
		</bndbox>
	</object>
</annotation>
