<annotation>
	<folder>dog</folder>
	<filename>dog.257.jpg</filename>
	<path>F:\dataset\dog\dog.257.jpg</path>
	<source>
		<database>Unknown</database>
	</source>
	<size>
		<width>500</width>
		<height>260</height>
		<depth>3</depth>
	</size>
	<segmented>0</segmented>
	<object>
		<name>dog</name>
		<pose>Unspecified</pose>
		<truncated>1</truncated>
		<difficult>0</difficult>
		<bndbox>
			<xmin>315</xmin>
			<ymin>9</ymin>
			<xmax>500</xmax>
			<ymax>230</ymax>
		</bndbox>
	</object>
</annotation>
