<annotation>
	<folder>dog</folder>
	<filename>dog.216.jpg</filename>
	<path>F:\dataset\dog\dog.216.jpg</path>
	<source>
		<database>Unknown</database>
	</source>
	<size>
		<width>204</width>
		<height>277</height>
		<depth>3</depth>
	</size>
	<segmented>0</segmented>
	<object>
		<name>dog</name>
		<pose>Unspecified</pose>
		<truncated>0</truncated>
		<difficult>0</difficult>
		<bndbox>
			<xmin>20</xmin>
			<ymin>6</ymin>
			<xmax>179</xmax>
			<ymax>256</ymax>
		</bndbox>
	</object>
</annotation>
