<annotation>
	<folder>dog</folder>
	<filename>dog.164.jpg</filename>
	<path>F:\dataset\dog\dog.164.jpg</path>
	<source>
		<database>Unknown</database>
	</source>
	<size>
		<width>500</width>
		<height>374</height>
		<depth>3</depth>
	</size>
	<segmented>0</segmented>
	<object>
		<name>dog</name>
		<pose>Unspecified</pose>
		<truncated>0</truncated>
		<difficult>0</difficult>
		<bndbox>
			<xmin>100</xmin>
			<ymin>76</ymin>
			<xmax>378</xmax>
			<ymax>273</ymax>
		</bndbox>
	</object>
</annotation>
