<annotation>
	<folder>dog</folder>
	<filename>dog.172.jpg</filename>
	<path>F:\dataset\dog\dog.172.jpg</path>
	<source>
		<database>Unknown</database>
	</source>
	<size>
		<width>499</width>
		<height>332</height>
		<depth>3</depth>
	</size>
	<segmented>0</segmented>
	<object>
		<name>dog</name>
		<pose>Unspecified</pose>
		<truncated>1</truncated>
		<difficult>0</difficult>
		<bndbox>
			<xmin>102</xmin>
			<ymin>10</ymin>
			<xmax>363</xmax>
			<ymax>332</ymax>
		</bndbox>
	</object>
</annotation>
