<annotation>
	<folder>dog</folder>
	<filename>dog.213.jpg</filename>
	<path>F:\dataset\dog\dog.213.jpg</path>
	<source>
		<database>Unknown</database>
	</source>
	<size>
		<width>499</width>
		<height>333</height>
		<depth>3</depth>
	</size>
	<segmented>0</segmented>
	<object>
		<name>dog</name>
		<pose>Unspecified</pose>
		<truncated>0</truncated>
		<difficult>0</difficult>
		<bndbox>
			<xmin>239</xmin>
			<ymin>107</ymin>
			<xmax>468</xmax>
			<ymax>294</ymax>
		</bndbox>
	</object>
	<object>
		<name>dog</name>
		<pose>Unspecified</pose>
		<truncated>0</truncated>
		<difficult>0</difficult>
		<bndbox>
			<xmin>28</xmin>
			<ymin>62</ymin>
			<xmax>242</xmax>
			<ymax>257</ymax>
		</bndbox>
	</object>
</annotation>
