<annotation>
	<folder>dog</folder>
	<filename>dog.159.jpg</filename>
	<path>F:\dataset\dog\dog.159.jpg</path>
	<source>
		<database>Unknown</database>
	</source>
	<size>
		<width>500</width>
		<height>333</height>
		<depth>3</depth>
	</size>
	<segmented>0</segmented>
	<object>
		<name>dog</name>
		<pose>Unspecified</pose>
		<truncated>0</truncated>
		<difficult>0</difficult>
		<bndbox>
			<xmin>303</xmin>
			<ymin>99</ymin>
			<xmax>470</xmax>
			<ymax>295</ymax>
		</bndbox>
	</object>
	<object>
		<name>dog</name>
		<pose>Unspecified</pose>
		<truncated>0</truncated>
		<difficult>0</difficult>
		<bndbox>
			<xmin>42</xmin>
			<ymin>8</ymin>
			<xmax>230</xmax>
			<ymax>217</ymax>
		</bndbox>
	</object>
</annotation>
