<annotation>
	<folder>dog</folder>
	<filename>dog.253.jpg</filename>
	<path>F:\dataset\dog\dog.253.jpg</path>
	<source>
		<database>Unknown</database>
	</source>
	<size>
		<width>375</width>
		<height>500</height>
		<depth>3</depth>
	</size>
	<segmented>0</segmented>
	<object>
		<name>dog</name>
		<pose>Unspecified</pose>
		<truncated>0</truncated>
		<difficult>0</difficult>
		<bndbox>
			<xmin>121</xmin>
			<ymin>293</ymin>
			<xmax>199</xmax>
			<ymax>419</ymax>
		</bndbox>
	</object>
</annotation>
