<annotation>
	<folder>dog</folder>
	<filename>dog.171.jpg</filename>
	<path>F:\dataset\dog\dog.171.jpg</path>
	<source>
		<database>Unknown</database>
	</source>
	<size>
		<width>499</width>
		<height>354</height>
		<depth>3</depth>
	</size>
	<segmented>0</segmented>
	<object>
		<name>dog</name>
		<pose>Unspecified</pose>
		<truncated>1</truncated>
		<difficult>0</difficult>
		<bndbox>
			<xmin>15</xmin>
			<ymin>2</ymin>
			<xmax>240</xmax>
			<ymax>354</ymax>
		</bndbox>
	</object>
</annotation>
