<annotation>
	<folder>dog</folder>
	<filename>dog.246.jpg</filename>
	<path>F:\dataset\dog\dog.246.jpg</path>
	<source>
		<database>Unknown</database>
	</source>
	<size>
		<width>640</width>
		<height>480</height>
		<depth>3</depth>
	</size>
	<segmented>0</segmented>
	<object>
		<name>dog</name>
		<pose>Unspecified</pose>
		<truncated>0</truncated>
		<difficult>0</difficult>
		<bndbox>
			<xmin>347</xmin>
			<ymin>83</ymin>
			<xmax>636</xmax>
			<ymax>433</ymax>
		</bndbox>
	</object>
	<object>
		<name>dog</name>
		<pose>Unspecified</pose>
		<truncated>0</truncated>
		<difficult>0</difficult>
		<bndbox>
			<xmin>12</xmin>
			<ymin>158</ymin>
			<xmax>361</xmax>
			<ymax>398</ymax>
		</bndbox>
	</object>
</annotation>
