<annotation>
	<folder>dog</folder>
	<filename>dog.154.jpg</filename>
	<path>F:\dataset\dog\dog.154.jpg</path>
	<source>
		<database>Unknown</database>
	</source>
	<size>
		<width>499</width>
		<height>333</height>
		<depth>3</depth>
	</size>
	<segmented>0</segmented>
	<object>
		<name>dog</name>
		<pose>Unspecified</pose>
		<truncated>0</truncated>
		<difficult>0</difficult>
		<bndbox>
			<xmin>46</xmin>
			<ymin>111</ymin>
			<xmax>487</xmax>
			<ymax>304</ymax>
		</bndbox>
	</object>
</annotation>
