<annotation>
	<folder>dog</folder>
	<filename>dog.163.jpg</filename>
	<path>F:\dataset\dog\dog.163.jpg</path>
	<source>
		<database>Unknown</database>
	</source>
	<size>
		<width>500</width>
		<height>340</height>
		<depth>3</depth>
	</size>
	<segmented>0</segmented>
	<object>
		<name>dog</name>
		<pose>Unspecified</pose>
		<truncated>0</truncated>
		<difficult>0</difficult>
		<bndbox>
			<xmin>210</xmin>
			<ymin>234</ymin>
			<xmax>300</xmax>
			<ymax>325</ymax>
		</bndbox>
	</object>
	<object>
		<name>dog</name>
		<pose>Unspecified</pose>
		<truncated>0</truncated>
		<difficult>0</difficult>
		<bndbox>
			<xmin>90</xmin>
			<ymin>191</ymin>
			<xmax>150</xmax>
			<ymax>253</ymax>
		</bndbox>
	</object>
	<object>
		<name>dog</name>
		<pose>Unspecified</pose>
		<truncated>0</truncated>
		<difficult>0</difficult>
		<bndbox>
			<xmin>266</xmin>
			<ymin>189</ymin>
			<xmax>316</xmax>
			<ymax>221</ymax>
		</bndbox>
	</object>
</annotation>
