<annotation>
	<folder>dog</folder>
	<filename>dog.254.jpg</filename>
	<path>F:\dataset\dog\dog.254.jpg</path>
	<source>
		<database>Unknown</database>
	</source>
	<size>
		<width>375</width>
		<height>500</height>
		<depth>3</depth>
	</size>
	<segmented>0</segmented>
	<object>
		<name>dog</name>
		<pose>Unspecified</pose>
		<truncated>0</truncated>
		<difficult>0</difficult>
		<bndbox>
			<xmin>92</xmin>
			<ymin>75</ymin>
			<xmax>280</xmax>
			<ymax>497</ymax>
		</bndbox>
	</object>
</annotation>
