<annotation>
	<folder>dog</folder>
	<filename>dog.203.jpg</filename>
	<path>F:\dataset\dog\dog.203.jpg</path>
	<source>
		<database>Unknown</database>
	</source>
	<size>
		<width>365</width>
		<height>286</height>
		<depth>3</depth>
	</size>
	<segmented>0</segmented>
	<object>
		<name>dog</name>
		<pose>Unspecified</pose>
		<truncated>1</truncated>
		<difficult>0</difficult>
		<bndbox>
			<xmin>124</xmin>
			<ymin>5</ymin>
			<xmax>332</xmax>
			<ymax>286</ymax>
		</bndbox>
	</object>
</annotation>
