<annotation>
	<folder>dog</folder>
	<filename>dog.155.jpg</filename>
	<path>F:\dataset\dog\dog.155.jpg</path>
	<source>
		<database>Unknown</database>
	</source>
	<size>
		<width>500</width>
		<height>375</height>
		<depth>3</depth>
	</size>
	<segmented>0</segmented>
	<object>
		<name>dog</name>
		<pose>Unspecified</pose>
		<truncated>0</truncated>
		<difficult>0</difficult>
		<bndbox>
			<xmin>314</xmin>
			<ymin>183</ymin>
			<xmax>408</xmax>
			<ymax>321</ymax>
		</bndbox>
	</object>
	<object>
		<name>dog</name>
		<pose>Unspecified</pose>
		<truncated>0</truncated>
		<difficult>0</difficult>
		<bndbox>
			<xmin>396</xmin>
			<ymin>143</ymin>
			<xmax>496</xmax>
			<ymax>226</ymax>
		</bndbox>
	</object>
</annotation>
