<annotation>
	<folder>dog</folder>
	<filename>dog.165.jpg</filename>
	<path>F:\dataset\dog\dog.165.jpg</path>
	<source>
		<database>Unknown</database>
	</source>
	<size>
		<width>400</width>
		<height>300</height>
		<depth>3</depth>
	</size>
	<segmented>0</segmented>
	<object>
		<name>dog</name>
		<pose>Unspecified</pose>
		<truncated>0</truncated>
		<difficult>0</difficult>
		<bndbox>
			<xmin>200</xmin>
			<ymin>79</ymin>
			<xmax>397</xmax>
			<ymax>278</ymax>
		</bndbox>
	</object>
</annotation>
