<annotation>
	<folder>dog</folder>
	<filename>dog.166.jpg</filename>
	<path>F:\dataset\dog\dog.166.jpg</path>
	<source>
		<database>Unknown</database>
	</source>
	<size>
		<width>500</width>
		<height>316</height>
		<depth>3</depth>
	</size>
	<segmented>0</segmented>
	<object>
		<name>dog</name>
		<pose>Unspecified</pose>
		<truncated>0</truncated>
		<difficult>0</difficult>
		<bndbox>
			<xmin>276</xmin>
			<ymin>39</ymin>
			<xmax>454</xmax>
			<ymax>263</ymax>
		</bndbox>
	</object>
	<object>
		<name>dog</name>
		<pose>Unspecified</pose>
		<truncated>0</truncated>
		<difficult>0</difficult>
		<bndbox>
			<xmin>43</xmin>
			<ymin>80</ymin>
			<xmax>233</xmax>
			<ymax>258</ymax>
		</bndbox>
	</object>
</annotation>
