<annotation>
	<folder>dog</folder>
	<filename>dog.205.jpg</filename>
	<path>F:\dataset\dog\dog.205.jpg</path>
	<source>
		<database>Unknown</database>
	</source>
	<size>
		<width>354</width>
		<height>500</height>
		<depth>3</depth>
	</size>
	<segmented>0</segmented>
	<object>
		<name>dog</name>
		<pose>Unspecified</pose>
		<truncated>0</truncated>
		<difficult>0</difficult>
		<bndbox>
			<xmin>88</xmin>
			<ymin>18</ymin>
			<xmax>283</xmax>
			<ymax>488</ymax>
		</bndbox>
	</object>
</annotation>
