<annotation>
	<folder>dog</folder>
	<filename>dog.238.jpg</filename>
	<path>F:\dataset\dog\dog.238.jpg</path>
	<source>
		<database>Unknown</database>
	</source>
	<size>
		<width>473</width>
		<height>500</height>
		<depth>3</depth>
	</size>
	<segmented>0</segmented>
	<object>
		<name>dog</name>
		<pose>Unspecified</pose>
		<truncated>0</truncated>
		<difficult>0</difficult>
		<bndbox>
			<xmin>16</xmin>
			<ymin>372</ymin>
			<xmax>142</xmax>
			<ymax>489</ymax>
		</bndbox>
	</object>
	<object>
		<name>dog</name>
		<pose>Unspecified</pose>
		<truncated>0</truncated>
		<difficult>0</difficult>
		<bndbox>
			<xmin>133</xmin>
			<ymin>378</ymin>
			<xmax>282</xmax>
			<ymax>484</ymax>
		</bndbox>
	</object>
	<object>
		<name>dog</name>
		<pose>Unspecified</pose>
		<truncated>0</truncated>
		<difficult>0</difficult>
		<bndbox>
			<xmin>130</xmin>
			<ymin>292</ymin>
			<xmax>210</xmax>
			<ymax>380</ymax>
		</bndbox>
	</object>
	<object>
		<name>dog</name>
		<pose>Unspecified</pose>
		<truncated>0</truncated>
		<difficult>0</difficult>
		<bndbox>
			<xmin>207</xmin>
			<ymin>314</ymin>
			<xmax>295</xmax>
			<ymax>370</ymax>
		</bndbox>
	</object>
</annotation>
