<annotation>
	<folder>dog</folder>
	<filename>dog.230.jpg</filename>
	<path>F:\dataset\dog\dog.230.jpg</path>
	<source>
		<database>Unknown</database>
	</source>
	<size>
		<width>500</width>
		<height>375</height>
		<depth>3</depth>
	</size>
	<segmented>0</segmented>
	<object>
		<name>dog</name>
		<pose>Unspecified</pose>
		<truncated>0</truncated>
		<difficult>0</difficult>
		<bndbox>
			<xmin>172</xmin>
			<ymin>97</ymin>
			<xmax>390</xmax>
			<ymax>318</ymax>
		</bndbox>
	</object>
</annotation>
