<annotation>
	<folder>person</folder>
	<filename>person.46.jpg</filename>
	<path>F:\dataset\person\person.46.jpg</path>
	<source>
		<database>Unknown</database>
	</source>
	<size>
		<width>333</width>
		<height>500</height>
		<depth>3</depth>
	</size>
	<segmented>0</segmented>
	<object>
		<name>person</name>
		<pose>Unspecified</pose>
		<truncated>1</truncated>
		<difficult>0</difficult>
		<bndbox>
			<xmin>9</xmin>
			<ymin>112</ymin>
			<xmax>253</xmax>
			<ymax>500</ymax>
		</bndbox>
	</object>
</annotation>
