<annotation>
	<folder>person</folder>
	<filename>person.138.jpg</filename>
	<path>F:\dataset\person\person.138.jpg</path>
	<source>
		<database>Unknown</database>
	</source>
	<size>
		<width>500</width>
		<height>464</height>
		<depth>1</depth>
	</size>
	<segmented>0</segmented>
	<object>
		<name>person</name>
		<pose>Unspecified</pose>
		<truncated>1</truncated>
		<difficult>0</difficult>
		<bndbox>
			<xmin>12</xmin>
			<ymin>59</ymin>
			<xmax>454</xmax>
			<ymax>464</ymax>
		</bndbox>
	</object>
</annotation>
