<annotation>
	<folder>person</folder>
	<filename>person.94.jpg</filename>
	<path>F:\dataset\person\person.94.jpg</path>
	<source>
		<database>Unknown</database>
	</source>
	<size>
		<width>499</width>
		<height>334</height>
		<depth>3</depth>
	</size>
	<segmented>0</segmented>
	<object>
		<name>person</name>
		<pose>Unspecified</pose>
		<truncated>1</truncated>
		<difficult>0</difficult>
		<bndbox>
			<xmin>17</xmin>
			<ymin>2</ymin>
			<xmax>319</xmax>
			<ymax>334</ymax>
		</bndbox>
	</object>
</annotation>
