<annotation>
	<folder>person</folder>
	<filename>person.58.jpg</filename>
	<path>F:\dataset\person\person.58.jpg</path>
	<source>
		<database>Unknown</database>
	</source>
	<size>
		<width>499</width>
		<height>332</height>
		<depth>3</depth>
	</size>
	<segmented>0</segmented>
	<object>
		<name>person</name>
		<pose>Unspecified</pose>
		<truncated>0</truncated>
		<difficult>0</difficult>
		<bndbox>
			<xmin>197</xmin>
			<ymin>20</ymin>
			<xmax>409</xmax>
			<ymax>328</ymax>
		</bndbox>
	</object>
</annotation>
