<annotation>
	<folder>person</folder>
	<filename>person.101.jpg</filename>
	<path>F:\dataset\person\person.101.jpg</path>
	<source>
		<database>Unknown</database>
	</source>
	<size>
		<width>499</width>
		<height>333</height>
		<depth>3</depth>
	</size>
	<segmented>0</segmented>
	<object>
		<name>person</name>
		<pose>Unspecified</pose>
		<truncated>1</truncated>
		<difficult>0</difficult>
		<bndbox>
			<xmin>43</xmin>
			<ymin>15</ymin>
			<xmax>257</xmax>
			<ymax>333</ymax>
		</bndbox>
	</object>
</annotation>
