<annotation>
	<folder>person</folder>
	<filename>person.109.jpg</filename>
	<path>F:\dataset\person\person.109.jpg</path>
	<source>
		<database>Unknown</database>
	</source>
	<size>
		<width>374</width>
		<height>500</height>
		<depth>3</depth>
	</size>
	<segmented>0</segmented>
	<object>
		<name>person</name>
		<pose>Unspecified</pose>
		<truncated>0</truncated>
		<difficult>0</difficult>
		<bndbox>
			<xmin>11</xmin>
			<ymin>71</ymin>
			<xmax>348</xmax>
			<ymax>499</ymax>
		</bndbox>
	</object>
</annotation>
