<annotation>
	<folder>person</folder>
	<filename>person.18.jpg</filename>
	<path>F:\dataset\person\person.18.jpg</path>
	<source>
		<database>Unknown</database>
	</source>
	<size>
		<width>267</width>
		<height>400</height>
		<depth>3</depth>
	</size>
	<segmented>0</segmented>
	<object>
		<name>person</name>
		<pose>Unspecified</pose>
		<truncated>0</truncated>
		<difficult>0</difficult>
		<bndbox>
			<xmin>45</xmin>
			<ymin>103</ymin>
			<xmax>217</xmax>
			<ymax>365</ymax>
		</bndbox>
	</object>
</annotation>
