<annotation>
	<folder>person</folder>
	<filename>person.216.jpg</filename>
	<path>F:\dataset\person\person.216.jpg</path>
	<source>
		<database>Unknown</database>
	</source>
	<size>
		<width>332</width>
		<height>499</height>
		<depth>3</depth>
	</size>
	<segmented>0</segmented>
	<object>
		<name>person</name>
		<pose>Unspecified</pose>
		<truncated>0</truncated>
		<difficult>0</difficult>
		<bndbox>
			<xmin>3</xmin>
			<ymin>22</ymin>
			<xmax>282</xmax>
			<ymax>493</ymax>
		</bndbox>
	</object>
</annotation>
