<annotation>
	<folder>person</folder>
	<filename>person.146.jpg</filename>
	<path>F:\dataset\person\person.146.jpg</path>
	<source>
		<database>Unknown</database>
	</source>
	<size>
		<width>332</width>
		<height>499</height>
		<depth>1</depth>
	</size>
	<segmented>0</segmented>
	<object>
		<name>person</name>
		<pose>Unspecified</pose>
		<truncated>0</truncated>
		<difficult>0</difficult>
		<bndbox>
			<xmin>36</xmin>
			<ymin>96</ymin>
			<xmax>195</xmax>
			<ymax>494</ymax>
		</bndbox>
	</object>
</annotation>
