<annotation>
	<folder>person</folder>
	<filename>person.10.jpg</filename>
	<path>F:\dataset\person\person.10.jpg</path>
	<source>
		<database>Unknown</database>
	</source>
	<size>
		<width>500</width>
		<height>375</height>
		<depth>3</depth>
	</size>
	<segmented>0</segmented>
	<object>
		<name>person</name>
		<pose>Unspecified</pose>
		<truncated>0</truncated>
		<difficult>0</difficult>
		<bndbox>
			<xmin>63</xmin>
			<ymin>51</ymin>
			<xmax>491</xmax>
			<ymax>311</ymax>
		</bndbox>
	</object>
</annotation>
