<annotation>
	<folder>person</folder>
	<filename>person.93.jpg</filename>
	<path>F:\dataset\person\person.93.jpg</path>
	<source>
		<database>Unknown</database>
	</source>
	<size>
		<width>499</width>
		<height>332</height>
		<depth>3</depth>
	</size>
	<segmented>0</segmented>
	<object>
		<name>person</name>
		<pose>Unspecified</pose>
		<truncated>1</truncated>
		<difficult>0</difficult>
		<bndbox>
			<xmin>147</xmin>
			<ymin>2</ymin>
			<xmax>376</xmax>
			<ymax>332</ymax>
		</bndbox>
	</object>
</annotation>
