<annotation>
	<folder>person</folder>
	<filename>person.178.jpg</filename>
	<path>F:\dataset\person\person.178.jpg</path>
	<source>
		<database>Unknown</database>
	</source>
	<size>
		<width>499</width>
		<height>353</height>
		<depth>3</depth>
	</size>
	<segmented>0</segmented>
	<object>
		<name>person</name>
		<pose>Unspecified</pose>
		<truncated>0</truncated>
		<difficult>0</difficult>
		<bndbox>
			<xmin>202</xmin>
			<ymin>34</ymin>
			<xmax>296</xmax>
			<ymax>326</ymax>
		</bndbox>
	</object>
</annotation>
