<annotation>
	<folder>person</folder>
	<filename>person.110.jpg</filename>
	<path>F:\dataset\person\person.110.jpg</path>
	<source>
		<database>Unknown</database>
	</source>
	<size>
		<width>500</width>
		<height>329</height>
		<depth>1</depth>
	</size>
	<segmented>0</segmented>
	<object>
		<name>person</name>
		<pose>Unspecified</pose>
		<truncated>1</truncated>
		<difficult>0</difficult>
		<bndbox>
			<xmin>114</xmin>
			<ymin>1</ymin>
			<xmax>420</xmax>
			<ymax>329</ymax>
		</bndbox>
	</object>
</annotation>
