<annotation>
	<folder>person</folder>
	<filename>person.186.jpg</filename>
	<path>F:\dataset\person\person.186.jpg</path>
	<source>
		<database>Unknown</database>
	</source>
	<size>
		<width>334</width>
		<height>499</height>
		<depth>1</depth>
	</size>
	<segmented>0</segmented>
	<object>
		<name>person</name>
		<pose>Unspecified</pose>
		<truncated>0</truncated>
		<difficult>0</difficult>
		<bndbox>
			<xmin>57</xmin>
			<ymin>263</ymin>
			<xmax>102</xmax>
			<ymax>379</ymax>
		</bndbox>
	</object>
</annotation>
