<annotation>
	<folder>person</folder>
	<filename>person.56.jpg</filename>
	<path>F:\dataset\person\person.56.jpg</path>
	<source>
		<database>Unknown</database>
	</source>
	<size>
		<width>840</width>
		<height>552</height>
		<depth>3</depth>
	</size>
	<segmented>0</segmented>
	<object>
		<name>person</name>
		<pose>Unspecified</pose>
		<truncated>0</truncated>
		<difficult>0</difficult>
		<bndbox>
			<xmin>249</xmin>
			<ymin>4</ymin>
			<xmax>589</xmax>
			<ymax>547</ymax>
		</bndbox>
	</object>
</annotation>
