<annotation>
	<folder>person</folder>
	<filename>person.161.jpg</filename>
	<path>F:\dataset\person\person.161.jpg</path>
	<source>
		<database>Unknown</database>
	</source>
	<size>
		<width>333</width>
		<height>500</height>
		<depth>3</depth>
	</size>
	<segmented>0</segmented>
	<object>
		<name>person</name>
		<pose>Unspecified</pose>
		<truncated>1</truncated>
		<difficult>0</difficult>
		<bndbox>
			<xmin>17</xmin>
			<ymin>20</ymin>
			<xmax>333</xmax>
			<ymax>398</ymax>
		</bndbox>
	</object>
</annotation>
