<annotation>
	<folder>person</folder>
	<filename>person.83.jpg</filename>
	<path>F:\dataset\person\person.83.jpg</path>
	<source>
		<database>Unknown</database>
	</source>
	<size>
		<width>500</width>
		<height>333</height>
		<depth>3</depth>
	</size>
	<segmented>0</segmented>
	<object>
		<name>person</name>
		<pose>Unspecified</pose>
		<truncated>0</truncated>
		<difficult>0</difficult>
		<bndbox>
			<xmin>13</xmin>
			<ymin>3</ymin>
			<xmax>307</xmax>
			<ymax>330</ymax>
		</bndbox>
	</object>
</annotation>
