<annotation>
	<folder>person</folder>
	<filename>person.113.jpg</filename>
	<path>F:\dataset\person\person.113.jpg</path>
	<source>
		<database>Unknown</database>
	</source>
	<size>
		<width>333</width>
		<height>499</height>
		<depth>3</depth>
	</size>
	<segmented>0</segmented>
	<object>
		<name>person</name>
		<pose>Unspecified</pose>
		<truncated>1</truncated>
		<difficult>0</difficult>
		<bndbox>
			<xmin>39</xmin>
			<ymin>65</ymin>
			<xmax>302</xmax>
			<ymax>499</ymax>
		</bndbox>
	</object>
</annotation>
