<annotation>
	<folder>person</folder>
	<filename>person.197.jpg</filename>
	<path>F:\dataset\person\person.197.jpg</path>
	<source>
		<database>Unknown</database>
	</source>
	<size>
		<width>375</width>
		<height>500</height>
		<depth>3</depth>
	</size>
	<segmented>0</segmented>
	<object>
		<name>person</name>
		<pose>Unspecified</pose>
		<truncated>0</truncated>
		<difficult>0</difficult>
		<bndbox>
			<xmin>100</xmin>
			<ymin>2</ymin>
			<xmax>343</xmax>
			<ymax>493</ymax>
		</bndbox>
	</object>
</annotation>
