<annotation>
	<folder>person</folder>
	<filename>person.3.jpg</filename>
	<path>F:\dataset\person\person.3.jpg</path>
	<source>
		<database>Unknown</database>
	</source>
	<size>
		<width>500</width>
		<height>500</height>
		<depth>3</depth>
	</size>
	<segmented>0</segmented>
	<object>
		<name>person</name>
		<pose>Unspecified</pose>
		<truncated>1</truncated>
		<difficult>0</difficult>
		<bndbox>
			<xmin>75</xmin>
			<ymin>7</ymin>
			<xmax>389</xmax>
			<ymax>500</ymax>
		</bndbox>
	</object>
</annotation>
