<annotation>
	<folder>person</folder>
	<filename>person.151.jpg</filename>
	<path>F:\dataset\person\person.151.jpg</path>
	<source>
		<database>Unknown</database>
	</source>
	<size>
		<width>499</width>
		<height>333</height>
		<depth>3</depth>
	</size>
	<segmented>0</segmented>
	<object>
		<name>person</name>
		<pose>Unspecified</pose>
		<truncated>0</truncated>
		<difficult>0</difficult>
		<bndbox>
			<xmin>114</xmin>
			<ymin>64</ymin>
			<xmax>262</xmax>
			<ymax>282</ymax>
		</bndbox>
	</object>
</annotation>
