<annotation>
	<folder>person</folder>
	<filename>person.195.jpg</filename>
	<path>F:\dataset\person\person.195.jpg</path>
	<source>
		<database>Unknown</database>
	</source>
	<size>
		<width>323</width>
		<height>500</height>
		<depth>3</depth>
	</size>
	<segmented>0</segmented>
	<object>
		<name>person</name>
		<pose>Unspecified</pose>
		<truncated>0</truncated>
		<difficult>0</difficult>
		<bndbox>
			<xmin>51</xmin>
			<ymin>53</ymin>
			<xmax>284</xmax>
			<ymax>368</ymax>
		</bndbox>
	</object>
</annotation>
