<annotation>
	<folder>person</folder>
	<filename>person.141.jpg</filename>
	<path>F:\dataset\person\person.141.jpg</path>
	<source>
		<database>Unknown</database>
	</source>
	<size>
		<width>500</width>
		<height>335</height>
		<depth>3</depth>
	</size>
	<segmented>0</segmented>
	<object>
		<name>person</name>
		<pose>Unspecified</pose>
		<truncated>1</truncated>
		<difficult>0</difficult>
		<bndbox>
			<xmin>16</xmin>
			<ymin>23</ymin>
			<xmax>292</xmax>
			<ymax>335</ymax>
		</bndbox>
	</object>
</annotation>
