<annotation>
	<folder>person</folder>
	<filename>person.22.jpg</filename>
	<path>F:\dataset\person\person.22.jpg</path>
	<source>
		<database>Unknown</database>
	</source>
	<size>
		<width>500</width>
		<height>379</height>
		<depth>3</depth>
	</size>
	<segmented>0</segmented>
	<object>
		<name>person</name>
		<pose>Unspecified</pose>
		<truncated>0</truncated>
		<difficult>0</difficult>
		<bndbox>
			<xmin>6</xmin>
			<ymin>32</ymin>
			<xmax>276</xmax>
			<ymax>183</ymax>
		</bndbox>
	</object>
</annotation>
