<annotation>
	<folder>person</folder>
	<filename>person.43.jpg</filename>
	<path>F:\dataset\person\person.43.jpg</path>
	<source>
		<database>Unknown</database>
	</source>
	<size>
		<width>482</width>
		<height>400</height>
		<depth>3</depth>
	</size>
	<segmented>0</segmented>
	<object>
		<name>person</name>
		<pose>Unspecified</pose>
		<truncated>1</truncated>
		<difficult>0</difficult>
		<bndbox>
			<xmin>60</xmin>
			<ymin>2</ymin>
			<xmax>415</xmax>
			<ymax>400</ymax>
		</bndbox>
	</object>
</annotation>
