<annotation>
	<folder>person</folder>
	<filename>person.177.jpg</filename>
	<path>F:\dataset\person\person.177.jpg</path>
	<source>
		<database>Unknown</database>
	</source>
	<size>
		<width>330</width>
		<height>500</height>
		<depth>3</depth>
	</size>
	<segmented>0</segmented>
	<object>
		<name>person</name>
		<pose>Unspecified</pose>
		<truncated>0</truncated>
		<difficult>0</difficult>
		<bndbox>
			<xmin>17</xmin>
			<ymin>87</ymin>
			<xmax>322</xmax>
			<ymax>499</ymax>
		</bndbox>
	</object>
</annotation>
