<annotation>
	<folder>person</folder>
	<filename>person.24.jpg</filename>
	<path>F:\dataset\person\person.24.jpg</path>
	<source>
		<database>Unknown</database>
	</source>
	<size>
		<width>332</width>
		<height>500</height>
		<depth>3</depth>
	</size>
	<segmented>0</segmented>
	<object>
		<name>person</name>
		<pose>Unspecified</pose>
		<truncated>0</truncated>
		<difficult>0</difficult>
		<bndbox>
			<xmin>28</xmin>
			<ymin>19</ymin>
			<xmax>154</xmax>
			<ymax>399</ymax>
		</bndbox>
	</object>
</annotation>
