<annotation>
	<folder>person</folder>
	<filename>person.196.jpg</filename>
	<path>F:\dataset\person\person.196.jpg</path>
	<source>
		<database>Unknown</database>
	</source>
	<size>
		<width>499</width>
		<height>347</height>
		<depth>1</depth>
	</size>
	<segmented>0</segmented>
	<object>
		<name>person</name>
		<pose>Unspecified</pose>
		<truncated>0</truncated>
		<difficult>0</difficult>
		<bndbox>
			<xmin>297</xmin>
			<ymin>87</ymin>
			<xmax>378</xmax>
			<ymax>329</ymax>
		</bndbox>
	</object>
</annotation>
