<annotation>
	<folder>person</folder>
	<filename>person.2.jpg</filename>
	<path>F:\dataset\person\person.2.jpg</path>
	<source>
		<database>Unknown</database>
	</source>
	<size>
		<width>161</width>
		<height>214</height>
		<depth>3</depth>
	</size>
	<segmented>0</segmented>
	<object>
		<name>person</name>
		<pose>Unspecified</pose>
		<truncated>0</truncated>
		<difficult>0</difficult>
		<bndbox>
			<xmin>7</xmin>
			<ymin>7</ymin>
			<xmax>160</xmax>
			<ymax>213</ymax>
		</bndbox>
	</object>
</annotation>
